ds,y
2025-05-06 00:02:08.034085,1.05
2025-05-06 01:02:08.034085,2.54
2025-05-06 02:02:08.034085,6.87
2025-05-06 03:02:08.034085,10.19
2025-05-06 04:02:08.034085,29.61
2025-05-06 05:02:08.034085,66.62
2025-05-06 06:02:08.034085,113.48
2025-05-06 07:02:08.034085,115.2
2025-05-06 08:02:08.034085,173.43
2025-05-06 09:02:08.034085,350.64
2025-05-06 10:02:08.034085,620.3
2025-05-06 11:02:08.034085,615.55
2025-05-06 12:02:08.034085,955.59
2025-05-06 13:02:08.034085,804.59
2025-05-06 14:02:08.034085,787.7
2025-05-06 15:02:08.034085,811.53
2025-05-06 16:02:08.034085,479.49
2025-05-06 17:02:08.034085,533.76
2025-05-06 18:02:08.034085,293.23
2025-05-06 19:02:08.034085,200.9
2025-05-06 20:02:08.034085,117.42
2025-05-06 21:02:08.034085,63.69
2025-05-06 22:02:08.034085,25.68
2025-05-06 23:02:08.034085,12.27
2025-05-07 00:02:08.034085,0.96
2025-05-07 01:02:08.034085,2.6
2025-05-07 02:02:08.034085,5.27
2025-05-07 03:02:08.034085,17.74
2025-05-07 04:02:08.034085,32.72
2025-05-07 05:02:08.034085,67.83
2025-05-07 06:02:08.034085,108.91
2025-05-07 07:02:08.034085,204.72
2025-05-07 08:02:08.034085,352.26
2025-05-07 09:02:08.034085,416.79
2025-05-07 10:02:08.034085,538.87
2025-05-07 11:02:08.034085,619.79
2025-05-07 12:02:08.034085,873.4
2025-05-07 13:02:08.034085,878.14
2025-05-07 14:02:08.034085,690.08
2025-05-07 15:02:08.034085,775.01
2025-05-07 16:02:08.034085,646.57
2025-05-07 17:02:08.034085,384.97
2025-05-07 18:02:08.034085,294.07
2025-05-07 19:02:08.034085,220.12
2025-05-07 20:02:08.034085,121.7
2025-05-07 21:02:08.034085,49.6
2025-05-07 22:02:08.034085,31.02
2025-05-07 23:02:08.034085,15.34
2025-05-08 00:02:08.034085,0.7
2025-05-08 01:02:08.034085,2.12
2025-05-08 02:02:08.034085,4.29
2025-05-08 03:02:08.034085,13.67
2025-05-08 04:02:08.034085,32.9
2025-05-08 05:02:08.034085,60.93
2025-05-08 06:02:08.034085,133.34
2025-05-08 07:02:08.034085,203.83
2025-05-08 08:02:08.034085,268.38
2025-05-08 09:02:08.034085,447.22
2025-05-08 10:02:08.034085,678.29
2025-05-08 11:02:08.034085,581.13
2025-05-08 12:02:08.034085,836.83
2025-05-08 13:02:08.034085,924.49
2025-05-08 14:02:08.034085,666.44
2025-05-08 15:02:08.034085,729.58
2025-05-08 16:02:08.034085,619.26
2025-05-08 17:02:08.034085,488.13
2025-05-08 18:02:08.034085,317.38
2025-05-08 19:02:08.034085,215.83
2025-05-08 20:02:08.034085,116.67
2025-05-08 21:02:08.034085,67.61
2025-05-08 22:02:08.034085,29.34
2025-05-08 23:02:08.034085,16.23
2025-05-09 00:02:08.034085,0.93
2025-05-09 01:02:08.034085,2.71
2025-05-09 02:02:08.034085,6.84
2025-05-09 03:02:08.034085,17.08
2025-05-09 04:02:08.034085,21.22
2025-05-09 05:02:08.034085,76.86
2025-05-09 06:02:08.034085,124.13
2025-05-09 07:02:08.034085,198.22
2025-05-09 08:02:08.034085,341.91
2025-05-09 09:02:08.034085,446.08
2025-05-09 10:02:08.034085,605.22
2025-05-09 11:02:08.034085,566.94
2025-05-09 12:02:08.034085,631.04
2025-05-09 13:02:08.034085,869.2
2025-05-09 14:02:08.034085,776.47
2025-05-09 15:02:08.034085,735.2
2025-05-09 16:02:08.034085,628.11
2025-05-09 17:02:08.034085,378.83
2025-05-09 18:02:08.034085,301.06
2025-05-09 19:02:08.034085,190.55
2025-05-09 20:02:08.034085,89.62
2025-05-09 21:02:08.034085,58.46
2025-05-09 22:02:08.034085,28.02
2025-05-09 23:02:08.034085,15.8
2025-05-10 00:02:08.034085,0.91
2025-05-10 01:02:08.034085,2.31
2025-05-10 02:02:08.034085,5.73
2025-05-10 03:02:08.034085,12.84
2025-05-10 04:02:08.034085,27.47
2025-05-10 05:02:08.034085,53.91
2025-05-10 06:02:08.034085,137.08
2025-05-10 07:02:08.034085,189.23
2025-05-10 08:02:08.034085,203.98
2025-05-10 09:02:08.034085,437.79
2025-05-10 10:02:08.034085,665.32
2025-05-10 11:02:08.034085,761.28
2025-05-10 12:02:08.034085,832.07
2025-05-10 13:02:08.034085,841.41
2025-05-10 14:02:08.034085,663.3
2025-05-10 15:02:08.034085,440.09
2025-05-10 16:02:08.034085,515.58
2025-05-10 17:02:08.034085,409.83
2025-05-10 18:02:08.034085,214.64
2025-05-10 19:02:08.034085,213.24
2025-05-10 20:02:08.034085,113.33
2025-05-10 21:02:08.034085,62.3
2025-05-10 22:02:08.034085,31.86
2025-05-10 23:02:08.034085,13.64
2025-05-11 00:02:08.034085,0.84
2025-05-11 01:02:08.034085,2.17
2025-05-11 02:02:08.034085,5.68
2025-05-11 03:02:08.034085,12.0
2025-05-11 04:02:08.034085,27.58
2025-05-11 05:02:08.034085,57.65
2025-05-11 06:02:08.034085,107.0
2025-05-11 07:02:08.034085,200.98
2025-05-11 08:02:08.034085,330.89
2025-05-11 09:02:08.034085,393.93
2025-05-11 10:02:08.034085,570.16
2025-05-11 11:02:08.034085,709.02
2025-05-11 12:02:08.034085,948.64
2025-05-11 13:02:08.034085,906.3
2025-05-11 14:02:08.034085,844.24
2025-05-11 15:02:08.034085,745.42
2025-05-11 16:02:08.034085,623.2
2025-05-11 17:02:08.034085,322.07
2025-05-11 18:02:08.034085,350.36
2025-05-11 19:02:08.034085,175.03
2025-05-11 20:02:08.034085,144.54
2025-05-11 21:02:08.034085,76.42
2025-05-11 22:02:08.034085,31.37
2025-05-11 23:02:08.034085,10.8
2025-05-12 00:02:08.034085,0.56
2025-05-12 01:02:08.034085,2.01
2025-05-12 02:02:08.034085,5.31
2025-05-12 03:02:08.034085,15.96
2025-05-12 04:02:08.034085,38.56
2025-05-12 05:02:08.034085,78.36
2025-05-12 06:02:08.034085,83.48
2025-05-12 07:02:08.034085,126.21
2025-05-12 08:02:08.034085,384.95
2025-05-12 09:02:08.034085,380.81
2025-05-12 10:02:08.034085,504.53
2025-05-12 11:02:08.034085,783.24
2025-05-12 12:02:08.034085,702.32
2025-05-12 13:02:08.034085,695.5
2025-05-12 14:02:08.034085,771.9
2025-05-12 15:02:08.034085,646.08
2025-05-12 16:02:08.034085,607.27
2025-05-12 17:02:08.034085,529.98
2025-05-12 18:02:08.034085,239.81
2025-05-12 19:02:08.034085,156.46
2025-05-12 20:02:08.034085,136.32
2025-05-12 21:02:08.034085,50.85
2025-05-12 22:02:08.034085,20.26
2025-05-12 23:02:08.034085,14.82
2025-05-13 00:02:08.034085,0.72
2025-05-13 01:02:08.034085,2.03
2025-05-13 02:02:08.034085,6.68
2025-05-13 03:02:08.034085,16.67
2025-05-13 04:02:08.034085,39.15
2025-05-13 05:02:08.034085,42.87
2025-05-13 06:02:08.034085,126.87
2025-05-13 07:02:08.034085,151.21
2025-05-13 08:02:08.034085,382.73
2025-05-13 09:02:08.034085,416.51
2025-05-13 10:02:08.034085,739.66
2025-05-13 11:02:08.034085,879.38
2025-05-13 12:02:08.034085,963.45
2025-05-13 13:02:08.034085,827.14
2025-05-13 14:02:08.034085,785.84
2025-05-13 15:02:08.034085,683.96
2025-05-13 16:02:08.034085,498.95
2025-05-13 17:02:08.034085,546.6
2025-05-13 18:02:08.034085,273.14
2025-05-13 19:02:08.034085,196.75
2025-05-13 20:02:08.034085,136.5
2025-05-13 21:02:08.034085,58.82
2025-05-13 22:02:08.034085,27.06
2025-05-13 23:02:08.034085,17.59
2025-05-14 00:02:08.034085,0.84
2025-05-14 01:02:08.034085,2.03
2025-05-14 02:02:08.034085,5.2
2025-05-14 03:02:08.034085,12.63
2025-05-14 04:02:08.034085,30.53
2025-05-14 05:02:08.034085,60.28
2025-05-14 06:02:08.034085,101.1
2025-05-14 07:02:08.034085,177.56
2025-05-14 08:02:08.034085,262.52
2025-05-14 09:02:08.034085,366.38
2025-05-14 10:02:08.034085,374.07
2025-05-14 11:02:08.034085,861.01
2025-05-14 12:02:08.034085,804.14
2025-05-14 13:02:08.034085,790.9
2025-05-14 14:02:08.034085,859.45
2025-05-14 15:02:08.034085,658.04
2025-05-14 16:02:08.034085,565.29
2025-05-14 17:02:08.034085,306.01
2025-05-14 18:02:08.034085,315.42
2025-05-14 19:02:08.034085,201.78
2025-05-14 20:02:08.034085,99.1
2025-05-14 21:02:08.034085,59.43
2025-05-14 22:02:08.034085,28.22
2025-05-14 23:02:08.034085,13.97
2025-05-15 00:02:08.034085,0.58
2025-05-15 01:02:08.034085,2.07
2025-05-15 02:02:08.034085,4.7
2025-05-15 03:02:08.034085,10.68
2025-05-15 04:02:08.034085,33.45
2025-05-15 05:02:08.034085,66.8
2025-05-15 06:02:08.034085,100.72
2025-05-15 07:02:08.034085,165.92
2025-05-15 08:02:08.034085,244.0
2025-05-15 09:02:08.034085,504.26
2025-05-15 10:02:08.034085,599.23
2025-05-15 11:02:08.034085,648.93
2025-05-15 12:02:08.034085,673.41
2025-05-15 13:02:08.034085,787.04
2025-05-15 14:02:08.034085,781.05
2025-05-15 15:02:08.034085,549.53
2025-05-15 16:02:08.034085,459.03
2025-05-15 17:02:08.034085,355.53
2025-05-15 18:02:08.034085,270.73
2025-05-15 19:02:08.034085,194.01
2025-05-15 20:02:08.034085,123.86
2025-05-15 21:02:08.034085,65.47
2025-05-15 22:02:08.034085,35.18
2025-05-15 23:02:08.034085,13.09
2025-05-16 00:02:08.034085,0.85
2025-05-16 01:02:08.034085,2.43
2025-05-16 02:02:08.034085,6.37
2025-05-16 03:02:08.034085,11.05
2025-05-16 04:02:08.034085,36.01
2025-05-16 05:02:08.034085,55.67
2025-05-16 06:02:08.034085,122.93
2025-05-16 07:02:08.034085,230.4
2025-05-16 08:02:08.034085,331.34
2025-05-16 09:02:08.034085,509.94
2025-05-16 10:02:08.034085,616.4
2025-05-16 11:02:08.034085,592.97
2025-05-16 12:02:08.034085,715.35
2025-05-16 13:02:08.034085,601.17
2025-05-16 14:02:08.034085,940.42
2025-05-16 15:02:08.034085,683.19
2025-05-16 16:02:08.034085,537.32
2025-05-16 17:02:08.034085,349.36
2025-05-16 18:02:08.034085,228.54
2025-05-16 19:02:08.034085,145.05
2025-05-16 20:02:08.034085,97.26
2025-05-16 21:02:08.034085,67.37
2025-05-16 22:02:08.034085,30.23
2025-05-16 23:02:08.034085,16.16
2025-05-17 00:02:08.034085,0.66
2025-05-17 01:02:08.034085,2.49
2025-05-17 02:02:08.034085,5.29
2025-05-17 03:02:08.034085,18.03
2025-05-17 04:02:08.034085,29.95
2025-05-17 05:02:08.034085,55.63
2025-05-17 06:02:08.034085,107.78
2025-05-17 07:02:08.034085,163.27
2025-05-17 08:02:08.034085,321.42
2025-05-17 09:02:08.034085,368.76
2025-05-17 10:02:08.034085,676.25
2025-05-17 11:02:08.034085,762.06
2025-05-17 12:02:08.034085,703.48
2025-05-17 13:02:08.034085,907.68
2025-05-17 14:02:08.034085,603.62
2025-05-17 15:02:08.034085,664.23
2025-05-17 16:02:08.034085,646.26
2025-05-17 17:02:08.034085,325.25
2025-05-17 18:02:08.034085,280.59
2025-05-17 19:02:08.034085,153.51
2025-05-17 20:02:08.034085,118.65
2025-05-17 21:02:08.034085,50.87
2025-05-17 22:02:08.034085,36.57
2025-05-17 23:02:08.034085,15.63
2025-05-18 00:02:08.034085,0.9
2025-05-18 01:02:08.034085,2.36
2025-05-18 02:02:08.034085,6.83
2025-05-18 03:02:08.034085,14.87
2025-05-18 04:02:08.034085,34.49
2025-05-18 05:02:08.034085,68.19
2025-05-18 06:02:08.034085,144.54
2025-05-18 07:02:08.034085,167.07
2025-05-18 08:02:08.034085,330.75
2025-05-18 09:02:08.034085,480.68
2025-05-18 10:02:08.034085,603.2
2025-05-18 11:02:08.034085,716.37
2025-05-18 12:02:08.034085,889.75
2025-05-18 13:02:08.034085,726.09
2025-05-18 14:02:08.034085,931.44
2025-05-18 15:02:08.034085,764.71
2025-05-18 16:02:08.034085,508.71
2025-05-18 17:02:08.034085,417.62
2025-05-18 18:02:08.034085,302.94
2025-05-18 19:02:08.034085,221.04
2025-05-18 20:02:08.034085,97.13
2025-05-18 21:02:08.034085,46.46
2025-05-18 22:02:08.034085,30.26
2025-05-18 23:02:08.034085,13.58
2025-05-19 00:02:08.034085,0.74
2025-05-19 01:02:08.034085,2.16
2025-05-19 02:02:08.034085,5.68
2025-05-19 03:02:08.034085,13.4
2025-05-19 04:02:08.034085,29.95
2025-05-19 05:02:08.034085,64.33
2025-05-19 06:02:08.034085,143.47
2025-05-19 07:02:08.034085,211.35
2025-05-19 08:02:08.034085,305.14
2025-05-19 09:02:08.034085,464.62
2025-05-19 10:02:08.034085,480.89
2025-05-19 11:02:08.034085,670.91
2025-05-19 12:02:08.034085,735.17
2025-05-19 13:02:08.034085,624.37
2025-05-19 14:02:08.034085,901.94
2025-05-19 15:02:08.034085,519.72
2025-05-19 16:02:08.034085,527.25
2025-05-19 17:02:08.034085,381.89
2025-05-19 18:02:08.034085,304.64
2025-05-19 19:02:08.034085,193.24
2025-05-19 20:02:08.034085,99.2
2025-05-19 21:02:08.034085,35.39
2025-05-19 22:02:08.034085,24.81
2025-05-19 23:02:08.034085,14.03
2025-05-20 00:02:08.034085,0.73
2025-05-20 01:02:08.034085,2.2
2025-05-20 02:02:08.034085,7.45
2025-05-20 03:02:08.034085,11.98
2025-05-20 04:02:08.034085,26.98
2025-05-20 05:02:08.034085,72.32
2025-05-20 06:02:08.034085,108.02
2025-05-20 07:02:08.034085,187.05
2025-05-20 08:02:08.034085,275.4
2025-05-20 09:02:08.034085,389.86
2025-05-20 10:02:08.034085,679.28
2025-05-20 11:02:08.034085,816.2
2025-05-20 12:02:08.034085,646.31
2025-05-20 13:02:08.034085,1067.99
2025-05-20 14:02:08.034085,675.28
2025-05-20 15:02:08.034085,687.98
2025-05-20 16:02:08.034085,636.43
2025-05-20 17:02:08.034085,549.9
2025-05-20 18:02:08.034085,348.02
2025-05-20 19:02:08.034085,156.68
2025-05-20 20:02:08.034085,106.21
2025-05-20 21:02:08.034085,55.66
2025-05-20 22:02:08.034085,29.54
2025-05-20 23:02:08.034085,12.97
2025-05-21 00:02:08.034085,0.7
2025-05-21 01:02:08.034085,2.29
2025-05-21 02:02:08.034085,6.02
2025-05-21 03:02:08.034085,13.92
2025-05-21 04:02:08.034085,30.2
2025-05-21 05:02:08.034085,62.33
2025-05-21 06:02:08.034085,124.44
2025-05-21 07:02:08.034085,174.41
2025-05-21 08:02:08.034085,312.11
2025-05-21 09:02:08.034085,448.78
2025-05-21 10:02:08.034085,492.76
2025-05-21 11:02:08.034085,654.33
2025-05-21 12:02:08.034085,675.21
2025-05-21 13:02:08.034085,805.71
2025-05-21 14:02:08.034085,648.8
2025-05-21 15:02:08.034085,877.02
2025-05-21 16:02:08.034085,380.72
2025-05-21 17:02:08.034085,538.08
2025-05-21 18:02:08.034085,261.94
2025-05-21 19:02:08.034085,207.52
2025-05-21 20:02:08.034085,103.3
2025-05-21 21:02:08.034085,59.61
2025-05-21 22:02:08.034085,31.99
2025-05-21 23:02:08.034085,17.71
2025-05-22 00:02:08.034085,0.88
2025-05-22 01:02:08.034085,2.42
2025-05-22 02:02:08.034085,7.27
2025-05-22 03:02:08.034085,13.4
2025-05-22 04:02:08.034085,23.2
2025-05-22 05:02:08.034085,62.46
2025-05-22 06:02:08.034085,124.75
2025-05-22 07:02:08.034085,226.23
2025-05-22 08:02:08.034085,341.6
2025-05-22 09:02:08.034085,457.49
2025-05-22 10:02:08.034085,609.84
2025-05-22 11:02:08.034085,907.11
2025-05-22 12:02:08.034085,935.85
2025-05-22 13:02:08.034085,727.55
2025-05-22 14:02:08.034085,606.94
2025-05-22 15:02:08.034085,648.12
2025-05-22 16:02:08.034085,571.03
2025-05-22 17:02:08.034085,398.66
2025-05-22 18:02:08.034085,264.02
2025-05-22 19:02:08.034085,166.17
2025-05-22 20:02:08.034085,130.48
2025-05-22 21:02:08.034085,67.36
2025-05-22 22:02:08.034085,32.35
2025-05-22 23:02:08.034085,15.66
2025-05-23 00:02:08.034085,1.03
2025-05-23 01:02:08.034085,2.63
2025-05-23 02:02:08.034085,6.67
2025-05-23 03:02:08.034085,9.93
2025-05-23 04:02:08.034085,35.03
2025-05-23 05:02:08.034085,62.55
2025-05-23 06:02:08.034085,144.54
2025-05-23 07:02:08.034085,194.2
2025-05-23 08:02:08.034085,353.19
2025-05-23 09:02:08.034085,278.21
2025-05-23 10:02:08.034085,533.39
2025-05-23 11:02:08.034085,608.14
2025-05-23 12:02:08.034085,859.47
2025-05-23 13:02:08.034085,767.64
2025-05-23 14:02:08.034085,635.19
2025-05-23 15:02:08.034085,734.41
2025-05-23 16:02:08.034085,610.04
2025-05-23 17:02:08.034085,467.18
2025-05-23 18:02:08.034085,305.73
2025-05-23 19:02:08.034085,234.51
2025-05-23 20:02:08.034085,99.28
2025-05-23 21:02:08.034085,64.52
2025-05-23 22:02:08.034085,33.22
2025-05-23 23:02:08.034085,15.35
2025-05-24 00:02:08.034085,0.62
2025-05-24 01:02:08.034085,1.89
2025-05-24 02:02:08.034085,6.46
2025-05-24 03:02:08.034085,12.78
2025-05-24 04:02:08.034085,32.2
2025-05-24 05:02:08.034085,50.39
2025-05-24 06:02:08.034085,108.59
2025-05-24 07:02:08.034085,216.36
2025-05-24 08:02:08.034085,375.36
2025-05-24 09:02:08.034085,362.55
2025-05-24 10:02:08.034085,640.6
2025-05-24 11:02:08.034085,746.94
2025-05-24 12:02:08.034085,795.86
2025-05-24 13:02:08.034085,727.38
2025-05-24 14:02:08.034085,680.92
2025-05-24 15:02:08.034085,690.19
2025-05-24 16:02:08.034085,709.31
2025-05-24 17:02:08.034085,368.66
2025-05-24 18:02:08.034085,194.13
2025-05-24 19:02:08.034085,173.34
2025-05-24 20:02:08.034085,120.9
2025-05-24 21:02:08.034085,65.65
2025-05-24 22:02:08.034085,39.15
2025-05-24 23:02:08.034085,10.13
2025-05-25 00:02:08.034085,0.65
2025-05-25 01:02:08.034085,2.11
2025-05-25 02:02:08.034085,5.95
2025-05-25 03:02:08.034085,10.15
2025-05-25 04:02:08.034085,25.75
2025-05-25 05:02:08.034085,53.11
2025-05-25 06:02:08.034085,77.02
2025-05-25 07:02:08.034085,211.1
2025-05-25 08:02:08.034085,284.76
2025-05-25 09:02:08.034085,321.95
2025-05-25 10:02:08.034085,689.9
2025-05-25 11:02:08.034085,891.87
2025-05-25 12:02:08.034085,531.82
2025-05-25 13:02:08.034085,1016.51
2025-05-25 14:02:08.034085,910.33
2025-05-25 15:02:08.034085,855.93
2025-05-25 16:02:08.034085,636.75
2025-05-25 17:02:08.034085,397.23
2025-05-25 18:02:08.034085,282.86
2025-05-25 19:02:08.034085,174.63
2025-05-25 20:02:08.034085,107.99
2025-05-25 21:02:08.034085,56.64
2025-05-25 22:02:08.034085,30.79
2025-05-25 23:02:08.034085,12.95
2025-05-26 00:02:08.034085,0.73
2025-05-26 01:02:08.034085,2.92
2025-05-26 02:02:08.034085,5.79
2025-05-26 03:02:08.034085,15.45
2025-05-26 04:02:08.034085,35.91
2025-05-26 05:02:08.034085,39.54
2025-05-26 06:02:08.034085,96.74
2025-05-26 07:02:08.034085,177.42
2025-05-26 08:02:08.034085,293.09
2025-05-26 09:02:08.034085,427.84
2025-05-26 10:02:08.034085,678.52
2025-05-26 11:02:08.034085,730.2
2025-05-26 12:02:08.034085,738.03
2025-05-26 13:02:08.034085,751.9
2025-05-26 14:02:08.034085,643.81
2025-05-26 15:02:08.034085,698.69
2025-05-26 16:02:08.034085,495.0
2025-05-26 17:02:08.034085,483.19
2025-05-26 18:02:08.034085,264.06
2025-05-26 19:02:08.034085,155.04
2025-05-26 20:02:08.034085,117.47
2025-05-26 21:02:08.034085,51.41
2025-05-26 22:02:08.034085,27.03
2025-05-26 23:02:08.034085,15.1
2025-05-27 00:02:08.034085,0.76
2025-05-27 01:02:08.034085,2.13
2025-05-27 02:02:08.034085,7.17
2025-05-27 03:02:08.034085,14.35
2025-05-27 04:02:08.034085,23.89
2025-05-27 05:02:08.034085,53.65
2025-05-27 06:02:08.034085,118.12
2025-05-27 07:02:08.034085,202.62
2025-05-27 08:02:08.034085,242.47
2025-05-27 09:02:08.034085,317.86
2025-05-27 10:02:08.034085,480.43
2025-05-27 11:02:08.034085,689.18
2025-05-27 12:02:08.034085,818.61
2025-05-27 13:02:08.034085,858.04
2025-05-27 14:02:08.034085,756.24
2025-05-27 15:02:08.034085,715.37
2025-05-27 16:02:08.034085,674.02
2025-05-27 17:02:08.034085,495.24
2025-05-27 18:02:08.034085,278.52
2025-05-27 19:02:08.034085,166.84
2025-05-27 20:02:08.034085,94.43
2025-05-27 21:02:08.034085,53.0
2025-05-27 22:02:08.034085,23.81
2025-05-27 23:02:08.034085,14.68
2025-05-28 00:02:08.034085,0.9
2025-05-28 01:02:08.034085,2.25
2025-05-28 02:02:08.034085,5.31
2025-05-28 03:02:08.034085,13.61
2025-05-28 04:02:08.034085,30.45
2025-05-28 05:02:08.034085,55.32
2025-05-28 06:02:08.034085,144.54
2025-05-28 07:02:08.034085,213.66
2025-05-28 08:02:08.034085,152.07
2025-05-28 09:02:08.034085,354.39
2025-05-28 10:02:08.034085,544.22
2025-05-28 11:02:08.034085,686.24
2025-05-28 12:02:08.034085,957.21
2025-05-28 13:02:08.034085,947.68
2025-05-28 14:02:08.034085,886.31
2025-05-28 15:02:08.034085,587.12
2025-05-28 16:02:08.034085,536.31
2025-05-28 17:02:08.034085,397.96
2025-05-28 18:02:08.034085,283.09
2025-05-28 19:02:08.034085,207.85
2025-05-28 20:02:08.034085,114.99
2025-05-28 21:02:08.034085,51.26
2025-05-28 22:02:08.034085,24.04
2025-05-28 23:02:08.034085,18.03
2025-05-29 00:02:08.034085,0.87
2025-05-29 01:02:08.034085,1.83
2025-05-29 02:02:08.034085,5.77
2025-05-29 03:02:08.034085,10.45
2025-05-29 04:02:08.034085,21.96
2025-05-29 05:02:08.034085,73.15
2025-05-29 06:02:08.034085,76.59
2025-05-29 07:02:08.034085,181.28
2025-05-29 08:02:08.034085,351.31
2025-05-29 09:02:08.034085,527.35
2025-05-29 10:02:08.034085,511.65
2025-05-29 11:02:08.034085,671.1
2025-05-29 12:02:08.034085,755.13
2025-05-29 13:02:08.034085,933.59
2025-05-29 14:02:08.034085,777.56
2025-05-29 15:02:08.034085,599.72
2025-05-29 16:02:08.034085,588.62
2025-05-29 17:02:08.034085,484.04
2025-05-29 18:02:08.034085,316.54
2025-05-29 19:02:08.034085,216.98
2025-05-29 20:02:08.034085,112.48
2025-05-29 21:02:08.034085,70.4
2025-05-29 22:02:08.034085,24.46
2025-05-29 23:02:08.034085,14.67
2025-05-30 00:02:08.034085,0.8
2025-05-30 01:02:08.034085,2.32
2025-05-30 02:02:08.034085,5.58
2025-05-30 03:02:08.034085,10.54
2025-05-30 04:02:08.034085,33.56
2025-05-30 05:02:08.034085,61.89
2025-05-30 06:02:08.034085,100.1
2025-05-30 07:02:08.034085,203.67
2025-05-30 08:02:08.034085,304.41
2025-05-30 09:02:08.034085,485.22
2025-05-30 10:02:08.034085,652.79
2025-05-30 11:02:08.034085,550.5
2025-05-30 12:02:08.034085,1025.28
2025-05-30 13:02:08.034085,796.96
2025-05-30 14:02:08.034085,860.77
2025-05-30 15:02:08.034085,793.22
2025-05-30 16:02:08.034085,595.01
2025-05-30 17:02:08.034085,345.3
2025-05-30 18:02:08.034085,335.94
2025-05-30 19:02:08.034085,173.98
2025-05-30 20:02:08.034085,116.48
2025-05-30 21:02:08.034085,60.06
2025-05-30 22:02:08.034085,37.13
2025-05-30 23:02:08.034085,14.96
2025-05-31 00:02:08.034085,0.84
2025-05-31 01:02:08.034085,2.05
2025-05-31 02:02:08.034085,5.54
2025-05-31 03:02:08.034085,13.46
2025-05-31 04:02:08.034085,32.8
2025-05-31 05:02:08.034085,59.68
2025-05-31 06:02:08.034085,144.54
2025-05-31 07:02:08.034085,129.15
2025-05-31 08:02:08.034085,257.01
2025-05-31 09:02:08.034085,351.96
2025-05-31 10:02:08.034085,590.23
2025-05-31 11:02:08.034085,820.98
2025-05-31 12:02:08.034085,732.94
2025-05-31 13:02:08.034085,665.17
2025-05-31 14:02:08.034085,774.79
2025-05-31 15:02:08.034085,655.5
2025-05-31 16:02:08.034085,599.59
2025-05-31 17:02:08.034085,490.32
2025-05-31 18:02:08.034085,299.79
2025-05-31 19:02:08.034085,183.36
2025-05-31 20:02:08.034085,106.48
2025-05-31 21:02:08.034085,64.87
2025-05-31 22:02:08.034085,35.67
2025-05-31 23:02:08.034085,15.32
2025-06-01 00:02:08.034085,0.95
2025-06-01 01:02:08.034085,2.76
2025-06-01 02:02:08.034085,6.7
2025-06-01 03:02:08.034085,10.59
2025-06-01 04:02:08.034085,28.92
2025-06-01 05:02:08.034085,72.27
2025-06-01 06:02:08.034085,114.94
2025-06-01 07:02:08.034085,133.59
2025-06-01 08:02:08.034085,319.39
2025-06-01 09:02:08.034085,511.52
2025-06-01 10:02:08.034085,633.87
2025-06-01 11:02:08.034085,608.01
2025-06-01 12:02:08.034085,929.95
2025-06-01 13:02:08.034085,732.5
2025-06-01 14:02:08.034085,970.81
2025-06-01 15:02:08.034085,645.56
2025-06-01 16:02:08.034085,620.12
2025-06-01 17:02:08.034085,421.09
2025-06-01 18:02:08.034085,316.11
2025-06-01 19:02:08.034085,218.83
2025-06-01 20:02:08.034085,102.31
2025-06-01 21:02:08.034085,59.21
2025-06-01 22:02:08.034085,35.78
2025-06-01 23:02:08.034085,17.07
2025-06-02 00:02:08.034085,1.03
2025-06-02 01:02:08.034085,2.14
2025-06-02 02:02:08.034085,6.9
2025-06-02 03:02:08.034085,14.28
2025-06-02 04:02:08.034085,31.49
2025-06-02 05:02:08.034085,60.83
2025-06-02 06:02:08.034085,121.21
2025-06-02 07:02:08.034085,202.99
2025-06-02 08:02:08.034085,335.76
2025-06-02 09:02:08.034085,375.43
2025-06-02 10:02:08.034085,698.92
2025-06-02 11:02:08.034085,693.23
2025-06-02 12:02:08.034085,620.97
2025-06-02 13:02:08.034085,726.41
2025-06-02 14:02:08.034085,724.05
2025-06-02 15:02:08.034085,678.07
2025-06-02 16:02:08.034085,670.97
2025-06-02 17:02:08.034085,435.99
2025-06-02 18:02:08.034085,261.32
2025-06-02 19:02:08.034085,203.41
2025-06-02 20:02:08.034085,115.73
2025-06-02 21:02:08.034085,61.9
2025-06-02 22:02:08.034085,26.22
2025-06-02 23:02:08.034085,12.96
2025-06-03 00:02:08.034085,0.74
2025-06-03 01:02:08.034085,2.57
2025-06-03 02:02:08.034085,6.04
2025-06-03 03:02:08.034085,13.8
2025-06-03 04:02:08.034085,33.79
2025-06-03 05:02:08.034085,66.27
2025-06-03 06:02:08.034085,123.88
2025-06-03 07:02:08.034085,159.3
2025-06-03 08:02:08.034085,331.04
2025-06-03 09:02:08.034085,490.59
2025-06-03 10:02:08.034085,566.65
2025-06-03 11:02:08.034085,860.83
2025-06-03 12:02:08.034085,972.83
2025-06-03 13:02:08.034085,1029.43
2025-06-03 14:02:08.034085,630.87
2025-06-03 15:02:08.034085,821.51
2025-06-03 16:02:08.034085,764.02
2025-06-03 17:02:08.034085,489.29
2025-06-03 18:02:08.034085,355.84
2025-06-03 19:02:08.034085,222.16
2025-06-03 20:02:08.034085,131.28
2025-06-03 21:02:08.034085,50.45
2025-06-03 22:02:08.034085,35.7
2025-06-03 23:02:08.034085,13.79
2025-06-04 00:02:08.034085,0.81
2025-06-04 01:02:08.034085,2.36
2025-06-04 02:02:08.034085,5.65
2025-06-04 03:02:08.034085,14.8
2025-06-04 04:02:08.034085,36.16
2025-06-04 05:02:08.034085,48.26
2025-06-04 06:02:08.034085,92.31
2025-06-04 07:02:08.034085,152.0
2025-06-04 08:02:08.034085,296.86
2025-06-04 09:02:08.034085,290.61
2025-06-04 10:02:08.034085,572.85
2025-06-04 11:02:08.034085,670.54
2025-06-04 12:02:08.034085,771.33
2025-06-04 13:02:08.034085,882.06
2025-06-04 14:02:08.034085,821.53
2025-06-04 15:02:08.034085,615.59
2025-06-04 16:02:08.034085,512.34
2025-06-04 17:02:08.034085,376.2
2025-06-04 18:02:08.034085,303.04
2025-06-04 19:02:08.034085,204.11
2025-06-04 20:02:08.034085,109.61
2025-06-04 21:02:08.034085,43.74
2025-06-04 22:02:08.034085,35.73
2025-06-04 23:02:08.034085,15.41
2025-06-05 00:02:08.034085,1.08
2025-06-05 01:02:08.034085,3.0
2025-06-05 02:02:08.034085,5.82
2025-06-05 03:02:08.034085,16.1
2025-06-05 04:02:08.034085,28.99
2025-06-05 05:02:08.034085,52.96
2025-06-05 06:02:08.034085,128.5
2025-06-05 07:02:08.034085,201.22
2025-06-05 08:02:08.034085,272.84
2025-06-05 09:02:08.034085,359.97
2025-06-05 10:02:08.034085,560.34
2025-06-05 11:02:08.034085,650.58
2025-06-05 12:02:08.034085,752.62
2025-06-05 13:02:08.034085,992.05
2025-06-05 14:02:08.034085,760.46
2025-06-05 15:02:08.034085,726.92
2025-06-05 16:02:08.034085,755.43
2025-06-05 17:02:08.034085,529.97
2025-06-05 18:02:08.034085,314.04
2025-06-05 19:02:08.034085,200.11
2025-06-05 20:02:08.034085,128.36
2025-06-05 21:02:08.034085,54.36
2025-06-05 22:02:08.034085,40.51
2025-06-05 23:02:08.034085,9.31
2025-06-06 00:02:08.034085,1.09
2025-06-06 01:02:08.034085,2.78
2025-06-06 02:02:08.034085,6.34
2025-06-06 03:02:08.034085,16.77
2025-06-06 04:02:08.034085,40.51
2025-06-06 05:02:08.034085,71.74
2025-06-06 06:02:08.034085,93.32
2025-06-06 07:02:08.034085,224.06
2025-06-06 08:02:08.034085,308.9
2025-06-06 09:02:08.034085,433.49
2025-06-06 10:02:08.034085,617.72
2025-06-06 11:02:08.034085,711.41
2025-06-06 12:02:08.034085,917.81
2025-06-06 13:02:08.034085,733.03
2025-06-06 14:02:08.034085,830.51
2025-06-06 15:02:08.034085,716.5
2025-06-06 16:02:08.034085,642.26
2025-06-06 17:02:08.034085,365.97
2025-06-06 18:02:08.034085,357.67
2025-06-06 19:02:08.034085,198.55
2025-06-06 20:02:08.034085,119.55
2025-06-06 21:02:08.034085,69.33
2025-06-06 22:02:08.034085,32.11
2025-06-06 23:02:08.034085,13.28
2025-06-07 00:02:08.034085,0.64
2025-06-07 01:02:08.034085,2.31
2025-06-07 02:02:08.034085,5.91
2025-06-07 03:02:08.034085,14.59
2025-06-07 04:02:08.034085,34.47
2025-06-07 05:02:08.034085,67.72
2025-06-07 06:02:08.034085,115.71
2025-06-07 07:02:08.034085,174.82
2025-06-07 08:02:08.034085,286.05
2025-06-07 09:02:08.034085,542.13
2025-06-07 10:02:08.034085,677.74
2025-06-07 11:02:08.034085,876.22
2025-06-07 12:02:08.034085,765.07
2025-06-07 13:02:08.034085,810.05
2025-06-07 14:02:08.034085,815.18
2025-06-07 15:02:08.034085,628.09
2025-06-07 16:02:08.034085,583.47
2025-06-07 17:02:08.034085,506.39
2025-06-07 18:02:08.034085,384.77
2025-06-07 19:02:08.034085,224.24
2025-06-07 20:02:08.034085,128.53
2025-06-07 21:02:08.034085,74.82
2025-06-07 22:02:08.034085,27.27
2025-06-07 23:02:08.034085,14.82
2025-06-08 00:02:08.034085,0.68
2025-06-08 01:02:08.034085,1.82
2025-06-08 02:02:08.034085,5.24
2025-06-08 03:02:08.034085,15.19
2025-06-08 04:02:08.034085,29.13
2025-06-08 05:02:08.034085,80.72
2025-06-08 06:02:08.034085,124.76
2025-06-08 07:02:08.034085,211.35
2025-06-08 08:02:08.034085,259.09
2025-06-08 09:02:08.034085,378.7
2025-06-08 10:02:08.034085,569.99
2025-06-08 11:02:08.034085,605.78
2025-06-08 12:02:08.034085,1013.87
2025-06-08 13:02:08.034085,823.16
2025-06-08 14:02:08.034085,696.76
2025-06-08 15:02:08.034085,938.55
2025-06-08 16:02:08.034085,576.57
2025-06-08 17:02:08.034085,496.74
2025-06-08 18:02:08.034085,398.29
2025-06-08 19:02:08.034085,186.8
2025-06-08 20:02:08.034085,105.58
2025-06-08 21:02:08.034085,62.94
2025-06-08 22:02:08.034085,38.28
2025-06-08 23:02:08.034085,15.89
2025-06-09 00:02:08.034085,0.71
2025-06-09 01:02:08.034085,2.5
2025-06-09 02:02:08.034085,5.15
2025-06-09 03:02:08.034085,15.27
2025-06-09 04:02:08.034085,23.51
2025-06-09 05:02:08.034085,59.75
2025-06-09 06:02:08.034085,108.23
2025-06-09 07:02:08.034085,222.35
2025-06-09 08:02:08.034085,278.42
2025-06-09 09:02:08.034085,303.3
2025-06-09 10:02:08.034085,698.42
2025-06-09 11:02:08.034085,684.61
2025-06-09 12:02:08.034085,895.69
2025-06-09 13:02:08.034085,1050.97
2025-06-09 14:02:08.034085,896.97
2025-06-09 15:02:08.034085,545.03
2025-06-09 16:02:08.034085,674.74
2025-06-09 17:02:08.034085,492.32
2025-06-09 18:02:08.034085,254.8
2025-06-09 19:02:08.034085,199.12
2025-06-09 20:02:08.034085,109.25
2025-06-09 21:02:08.034085,54.45
2025-06-09 22:02:08.034085,34.69
2025-06-09 23:02:08.034085,13.48
2025-06-10 00:02:08.034085,1.02
2025-06-10 01:02:08.034085,1.77
2025-06-10 02:02:08.034085,5.75
2025-06-10 03:02:08.034085,12.72
2025-06-10 04:02:08.034085,27.69
2025-06-10 05:02:08.034085,73.14
2025-06-10 06:02:08.034085,146.87
2025-06-10 07:02:08.034085,219.9
2025-06-10 08:02:08.034085,277.26
2025-06-10 09:02:08.034085,461.1
2025-06-10 10:02:08.034085,612.91
2025-06-10 11:02:08.034085,758.17
2025-06-10 12:02:08.034085,847.61
2025-06-10 13:02:08.034085,556.99
2025-06-10 14:02:08.034085,712.06
2025-06-10 15:02:08.034085,560.31
2025-06-10 16:02:08.034085,548.45
2025-06-10 17:02:08.034085,310.65
2025-06-10 18:02:08.034085,316.85
2025-06-10 19:02:08.034085,200.68
2025-06-10 20:02:08.034085,109.93
2025-06-10 21:02:08.034085,53.86
2025-06-10 22:02:08.034085,30.36
2025-06-10 23:02:08.034085,15.13
2025-06-11 00:02:08.034085,0.95
2025-06-11 01:02:08.034085,2.03
2025-06-11 02:02:08.034085,4.86
2025-06-11 03:02:08.034085,12.41
2025-06-11 04:02:08.034085,33.04
2025-06-11 05:02:08.034085,60.82
2025-06-11 06:02:08.034085,115.01
2025-06-11 07:02:08.034085,192.82
2025-06-11 08:02:08.034085,376.34
2025-06-11 09:02:08.034085,444.27
2025-06-11 10:02:08.034085,604.56
2025-06-11 11:02:08.034085,763.24
2025-06-11 12:02:08.034085,911.88
2025-06-11 13:02:08.034085,895.25
2025-06-11 14:02:08.034085,869.86
2025-06-11 15:02:08.034085,772.74
2025-06-11 16:02:08.034085,535.22
2025-06-11 17:02:08.034085,461.96
2025-06-11 18:02:08.034085,280.57
2025-06-11 19:02:08.034085,179.77
2025-06-11 20:02:08.034085,98.68
2025-06-11 21:02:08.034085,53.72
2025-06-11 22:02:08.034085,25.44
2025-06-11 23:02:08.034085,17.19
2025-06-12 00:02:08.034085,0.67
2025-06-12 01:02:08.034085,2.08
2025-06-12 02:02:08.034085,4.58
2025-06-12 03:02:08.034085,17.09
2025-06-12 04:02:08.034085,33.26
2025-06-12 05:02:08.034085,61.29
2025-06-12 06:02:08.034085,112.56
2025-06-12 07:02:08.034085,163.45
2025-06-12 08:02:08.034085,304.03
2025-06-12 09:02:08.034085,399.27
2025-06-12 10:02:08.034085,739.65
2025-06-12 11:02:08.034085,600.11
2025-06-12 12:02:08.034085,763.57
2025-06-12 13:02:08.034085,950.97
2025-06-12 14:02:08.034085,954.44
2025-06-12 15:02:08.034085,703.02
2025-06-12 16:02:08.034085,544.5
2025-06-12 17:02:08.034085,287.4
2025-06-12 18:02:08.034085,321.22
2025-06-12 19:02:08.034085,175.21
2025-06-12 20:02:08.034085,149.55
2025-06-12 21:02:08.034085,64.38
2025-06-12 22:02:08.034085,26.78
2025-06-12 23:02:08.034085,16.71
2025-06-13 00:02:08.034085,1.01
2025-06-13 01:02:08.034085,2.82
2025-06-13 02:02:08.034085,5.32
2025-06-13 03:02:08.034085,11.87
2025-06-13 04:02:08.034085,35.05
2025-06-13 05:02:08.034085,57.47
2025-06-13 06:02:08.034085,99.86
2025-06-13 07:02:08.034085,187.52
2025-06-13 08:02:08.034085,275.02
2025-06-13 09:02:08.034085,436.77
2025-06-13 10:02:08.034085,592.9
2025-06-13 11:02:08.034085,595.23
2025-06-13 12:02:08.034085,727.51
2025-06-13 13:02:08.034085,828.04
2025-06-13 14:02:08.034085,590.65
2025-06-13 15:02:08.034085,749.51
2025-06-13 16:02:08.034085,562.0
2025-06-13 17:02:08.034085,401.67
2025-06-13 18:02:08.034085,307.15
2025-06-13 19:02:08.034085,175.13
2025-06-13 20:02:08.034085,135.47
2025-06-13 21:02:08.034085,63.29
2025-06-13 22:02:08.034085,35.01
2025-06-13 23:02:08.034085,12.71
2025-06-14 00:02:08.034085,0.72
2025-06-14 01:02:08.034085,1.93
2025-06-14 02:02:08.034085,6.42
2025-06-14 03:02:08.034085,16.25
2025-06-14 04:02:08.034085,25.37
2025-06-14 05:02:08.034085,81.07
2025-06-14 06:02:08.034085,110.0
2025-06-14 07:02:08.034085,187.25
2025-06-14 08:02:08.034085,183.93
2025-06-14 09:02:08.034085,384.06
2025-06-14 10:02:08.034085,548.82
2025-06-14 11:02:08.034085,708.67
2025-06-14 12:02:08.034085,773.95
2025-06-14 13:02:08.034085,1086.15
2025-06-14 14:02:08.034085,876.68
2025-06-14 15:02:08.034085,825.22
2025-06-14 16:02:08.034085,680.14
2025-06-14 17:02:08.034085,478.94
2025-06-14 18:02:08.034085,326.93
2025-06-14 19:02:08.034085,193.33
2025-06-14 20:02:08.034085,125.98
2025-06-14 21:02:08.034085,61.88
2025-06-14 22:02:08.034085,36.62
2025-06-14 23:02:08.034085,12.44
2025-06-15 00:02:08.034085,0.82
2025-06-15 01:02:08.034085,2.52
2025-06-15 02:02:08.034085,6.72
2025-06-15 03:02:08.034085,13.0
2025-06-15 04:02:08.034085,32.92
2025-06-15 05:02:08.034085,66.99
2025-06-15 06:02:08.034085,111.71
2025-06-15 07:02:08.034085,192.99
2025-06-15 08:02:08.034085,280.15
2025-06-15 09:02:08.034085,513.05
2025-06-15 10:02:08.034085,564.84
2025-06-15 11:02:08.034085,663.76
2025-06-15 12:02:08.034085,889.08
2025-06-15 13:02:08.034085,897.21
2025-06-15 14:02:08.034085,1060.81
2025-06-15 15:02:08.034085,655.31
2025-06-15 16:02:08.034085,517.45
2025-06-15 17:02:08.034085,544.13
2025-06-15 18:02:08.034085,264.24
2025-06-15 19:02:08.034085,223.45
2025-06-15 20:02:08.034085,125.9
2025-06-15 21:02:08.034085,63.81
2025-06-15 22:02:08.034085,29.44
2025-06-15 23:02:08.034085,18.65
2025-06-16 00:02:08.034085,1.03
2025-06-16 01:02:08.034085,2.57
2025-06-16 02:02:08.034085,5.32
2025-06-16 03:02:08.034085,16.38
2025-06-16 04:02:08.034085,32.09
2025-06-16 05:02:08.034085,60.1
2025-06-16 06:02:08.034085,119.63
2025-06-16 07:02:08.034085,176.75
2025-06-16 08:02:08.034085,267.42
2025-06-16 09:02:08.034085,480.12
2025-06-16 10:02:08.034085,649.45
2025-06-16 11:02:08.034085,875.44
2025-06-16 12:02:08.034085,822.87
2025-06-16 13:02:08.034085,882.92
2025-06-16 14:02:08.034085,778.96
2025-06-16 15:02:08.034085,823.49
2025-06-16 16:02:08.034085,615.25
2025-06-16 17:02:08.034085,448.95
2025-06-16 18:02:08.034085,341.06
2025-06-16 19:02:08.034085,229.64
2025-06-16 20:02:08.034085,100.04
2025-06-16 21:02:08.034085,76.49
2025-06-16 22:02:08.034085,24.42
2025-06-16 23:02:08.034085,15.56
2025-06-17 00:02:08.034085,1.07
2025-06-17 01:02:08.034085,1.95
2025-06-17 02:02:08.034085,7.12
2025-06-17 03:02:08.034085,15.84
2025-06-17 04:02:08.034085,34.31
2025-06-17 05:02:08.034085,69.93
2025-06-17 06:02:08.034085,119.32
2025-06-17 07:02:08.034085,204.1
2025-06-17 08:02:08.034085,283.38
2025-06-17 09:02:08.034085,514.15
2025-06-17 10:02:08.034085,556.62
2025-06-17 11:02:08.034085,938.55
2025-06-17 12:02:08.034085,652.08
2025-06-17 13:02:08.034085,987.57
2025-06-17 14:02:08.034085,509.25
2025-06-17 15:02:08.034085,827.99
2025-06-17 16:02:08.034085,619.76
2025-06-17 17:02:08.034085,402.97
2025-06-17 18:02:08.034085,306.18
2025-06-17 19:02:08.034085,171.9
2025-06-17 20:02:08.034085,98.06
2025-06-17 21:02:08.034085,59.91
2025-06-17 22:02:08.034085,34.07
2025-06-17 23:02:08.034085,15.05
2025-06-18 00:02:08.034085,0.98
2025-06-18 01:02:08.034085,2.64
2025-06-18 02:02:08.034085,4.72
2025-06-18 03:02:08.034085,17.93
2025-06-18 04:02:08.034085,30.17
2025-06-18 05:02:08.034085,69.9
2025-06-18 06:02:08.034085,128.26
2025-06-18 07:02:08.034085,214.09
2025-06-18 08:02:08.034085,261.01
2025-06-18 09:02:08.034085,461.61
2025-06-18 10:02:08.034085,540.58
2025-06-18 11:02:08.034085,787.9
2025-06-18 12:02:08.034085,790.55
2025-06-18 13:02:08.034085,782.79
2025-06-18 14:02:08.034085,958.92
2025-06-18 15:02:08.034085,634.13
2025-06-18 16:02:08.034085,478.25
2025-06-18 17:02:08.034085,378.25
2025-06-18 18:02:08.034085,283.21
2025-06-18 19:02:08.034085,182.72
2025-06-18 20:02:08.034085,149.55
2025-06-18 21:02:08.034085,63.88
2025-06-18 22:02:08.034085,32.69
2025-06-18 23:02:08.034085,15.09
2025-06-19 00:02:08.034085,0.98
2025-06-19 01:02:08.034085,2.62
2025-06-19 02:02:08.034085,5.7
2025-06-19 03:02:08.034085,17.69
2025-06-19 04:02:08.034085,25.25
2025-06-19 05:02:08.034085,64.54
2025-06-19 06:02:08.034085,80.66
2025-06-19 07:02:08.034085,154.9
2025-06-19 08:02:08.034085,273.87
2025-06-19 09:02:08.034085,483.81
2025-06-19 10:02:08.034085,581.36
2025-06-19 11:02:08.034085,938.55
2025-06-19 12:02:08.034085,653.92
2025-06-19 13:02:08.034085,913.65
2025-06-19 14:02:08.034085,810.17
2025-06-19 15:02:08.034085,823.13
2025-06-19 16:02:08.034085,585.3
2025-06-19 17:02:08.034085,485.29
2025-06-19 18:02:08.034085,288.22
2025-06-19 19:02:08.034085,198.88
2025-06-19 20:02:08.034085,130.4
2025-06-19 21:02:08.034085,70.0
2025-06-19 22:02:08.034085,34.82
2025-06-19 23:02:08.034085,11.8
2025-06-20 00:02:08.034085,0.79
2025-06-20 01:02:08.034085,1.99
2025-06-20 02:02:08.034085,5.99
2025-06-20 03:02:08.034085,13.88
2025-06-20 04:02:08.034085,30.2
2025-06-20 05:02:08.034085,75.82
2025-06-20 06:02:08.034085,84.54
2025-06-20 07:02:08.034085,246.47
2025-06-20 08:02:08.034085,307.95
2025-06-20 09:02:08.034085,377.18
2025-06-20 10:02:08.034085,683.04
2025-06-20 11:02:08.034085,891.79
2025-06-20 12:02:08.034085,777.37
2025-06-20 13:02:08.034085,1105.0
2025-06-20 14:02:08.034085,634.12
2025-06-20 15:02:08.034085,690.95
2025-06-20 16:02:08.034085,616.93
2025-06-20 17:02:08.034085,525.62
2025-06-20 18:02:08.034085,392.62
2025-06-20 19:02:08.034085,223.01
2025-06-20 20:02:08.034085,128.02
2025-06-20 21:02:08.034085,55.0
2025-06-20 22:02:08.034085,22.79
2025-06-20 23:02:08.034085,14.67
2025-06-21 00:02:08.034085,0.95
2025-06-21 01:02:08.034085,2.62
2025-06-21 02:02:08.034085,6.42
2025-06-21 03:02:08.034085,15.54
2025-06-21 04:02:08.034085,22.3
2025-06-21 05:02:08.034085,81.07
2025-06-21 06:02:08.034085,115.9
2025-06-21 07:02:08.034085,238.57
2025-06-21 08:02:08.034085,269.16
2025-06-21 09:02:08.034085,346.97
2025-06-21 10:02:08.034085,657.32
2025-06-21 11:02:08.034085,822.74
2025-06-21 12:02:08.034085,889.02
2025-06-21 13:02:08.034085,827.03
2025-06-21 14:02:08.034085,875.73
2025-06-21 15:02:08.034085,699.57
2025-06-21 16:02:08.034085,765.29
2025-06-21 17:02:08.034085,536.78
2025-06-21 18:02:08.034085,307.89
2025-06-21 19:02:08.034085,154.36
2025-06-21 20:02:08.034085,98.01
2025-06-21 21:02:08.034085,63.84
2025-06-21 22:02:08.034085,35.54
2025-06-21 23:02:08.034085,12.4
2025-06-22 00:02:08.034085,0.95
2025-06-22 01:02:08.034085,2.36
2025-06-22 02:02:08.034085,4.03
2025-06-22 03:02:08.034085,16.32
2025-06-22 04:02:08.034085,31.58
2025-06-22 05:02:08.034085,54.08
2025-06-22 06:02:08.034085,129.36
2025-06-22 07:02:08.034085,218.4
2025-06-22 08:02:08.034085,298.59
2025-06-22 09:02:08.034085,449.1
2025-06-22 10:02:08.034085,589.62
2025-06-22 11:02:08.034085,700.76
2025-06-22 12:02:08.034085,894.2
2025-06-22 13:02:08.034085,870.13
2025-06-22 14:02:08.034085,773.16
2025-06-22 15:02:08.034085,670.39
2025-06-22 16:02:08.034085,514.91
2025-06-22 17:02:08.034085,438.45
2025-06-22 18:02:08.034085,284.32
2025-06-22 19:02:08.034085,198.93
2025-06-22 20:02:08.034085,97.64
2025-06-22 21:02:08.034085,58.5
2025-06-22 22:02:08.034085,30.72
2025-06-22 23:02:08.034085,14.12
2025-06-23 00:02:08.034085,1.05
2025-06-23 01:02:08.034085,2.54
2025-06-23 02:02:08.034085,7.92
2025-06-23 03:02:08.034085,15.88
2025-06-23 04:02:08.034085,36.75
2025-06-23 05:02:08.034085,72.41
2025-06-23 06:02:08.034085,141.96
2025-06-23 07:02:08.034085,213.73
2025-06-23 08:02:08.034085,350.99
2025-06-23 09:02:08.034085,475.12
2025-06-23 10:02:08.034085,647.86
2025-06-23 11:02:08.034085,794.62
2025-06-23 12:02:08.034085,826.3
2025-06-23 13:02:08.034085,1000.63
2025-06-23 14:02:08.034085,784.01
2025-06-23 15:02:08.034085,761.1
2025-06-23 16:02:08.034085,533.82
2025-06-23 17:02:08.034085,536.37
2025-06-23 18:02:08.034085,196.25
2025-06-23 19:02:08.034085,180.24
2025-06-23 20:02:08.034085,108.16
2025-06-23 21:02:08.034085,49.33
2025-06-23 22:02:08.034085,32.78
2025-06-23 23:02:08.034085,12.02
2025-06-24 00:02:08.034085,1.05
2025-06-24 01:02:08.034085,1.83
2025-06-24 02:02:08.034085,6.85
2025-06-24 03:02:08.034085,11.11
2025-06-24 04:02:08.034085,25.9
2025-06-24 05:02:08.034085,65.37
2025-06-24 06:02:08.034085,128.05
2025-06-24 07:02:08.034085,250.14
2025-06-24 08:02:08.034085,277.27
2025-06-24 09:02:08.034085,451.69
2025-06-24 10:02:08.034085,573.49
2025-06-24 11:02:08.034085,489.04
2025-06-24 12:02:08.034085,978.96
2025-06-24 13:02:08.034085,727.31
2025-06-24 14:02:08.034085,810.28
2025-06-24 15:02:08.034085,647.74
2025-06-24 16:02:08.034085,460.12
2025-06-24 17:02:08.034085,407.31
2025-06-24 18:02:08.034085,302.58
2025-06-24 19:02:08.034085,224.76
2025-06-24 20:02:08.034085,134.97
2025-06-24 21:02:08.034085,62.92
2025-06-24 22:02:08.034085,35.48
2025-06-24 23:02:08.034085,14.91
2025-06-25 00:02:08.034085,0.78
2025-06-25 01:02:08.034085,2.04
2025-06-25 02:02:08.034085,5.38
2025-06-25 03:02:08.034085,16.49
2025-06-25 04:02:08.034085,31.03
2025-06-25 05:02:08.034085,51.14
2025-06-25 06:02:08.034085,92.16
2025-06-25 07:02:08.034085,210.38
2025-06-25 08:02:08.034085,311.05
2025-06-25 09:02:08.034085,455.85
2025-06-25 10:02:08.034085,621.31
2025-06-25 11:02:08.034085,707.35
2025-06-25 12:02:08.034085,982.16
2025-06-25 13:02:08.034085,863.34
2025-06-25 14:02:08.034085,1023.7
2025-06-25 15:02:08.034085,756.48
2025-06-25 16:02:08.034085,659.33
2025-06-25 17:02:08.034085,494.44
2025-06-25 18:02:08.034085,258.2
2025-06-25 19:02:08.034085,212.31
2025-06-25 20:02:08.034085,117.47
2025-06-25 21:02:08.034085,75.31
2025-06-25 22:02:08.034085,30.63
2025-06-25 23:02:08.034085,12.16
2025-06-26 00:02:08.034085,0.83
2025-06-26 01:02:08.034085,1.9
2025-06-26 02:02:08.034085,6.14
2025-06-26 03:02:08.034085,14.41
2025-06-26 04:02:08.034085,36.55
2025-06-26 05:02:08.034085,72.22
2025-06-26 06:02:08.034085,130.19
2025-06-26 07:02:08.034085,200.48
2025-06-26 08:02:08.034085,367.94
2025-06-26 09:02:08.034085,377.83
2025-06-26 10:02:08.034085,663.45
2025-06-26 11:02:08.034085,734.92
2025-06-26 12:02:08.034085,829.76
2025-06-26 13:02:08.034085,987.75
2025-06-26 14:02:08.034085,927.41
2025-06-26 15:02:08.034085,688.01
2025-06-26 16:02:08.034085,670.25
2025-06-26 17:02:08.034085,470.87
2025-06-26 18:02:08.034085,244.76
2025-06-26 19:02:08.034085,195.16
2025-06-26 20:02:08.034085,145.83
2025-06-26 21:02:08.034085,33.65
2025-06-26 22:02:08.034085,33.28
2025-06-26 23:02:08.034085,11.03
2025-06-27 00:02:08.034085,0.8
2025-06-27 01:02:08.034085,3.1
2025-06-27 02:02:08.034085,5.89
2025-06-27 03:02:08.034085,17.93
2025-06-27 04:02:08.034085,24.44
2025-06-27 05:02:08.034085,64.61
2025-06-27 06:02:08.034085,102.37
2025-06-27 07:02:08.034085,207.95
2025-06-27 08:02:08.034085,337.88
2025-06-27 09:02:08.034085,308.57
2025-06-27 10:02:08.034085,518.77
2025-06-27 11:02:08.034085,488.84
2025-06-27 12:02:08.034085,710.63
2025-06-27 13:02:08.034085,965.36
2025-06-27 14:02:08.034085,825.01
2025-06-27 15:02:08.034085,842.22
2025-06-27 16:02:08.034085,706.85
2025-06-27 17:02:08.034085,497.92
2025-06-27 18:02:08.034085,299.69
2025-06-27 19:02:08.034085,188.53
2025-06-27 20:02:08.034085,143.0
2025-06-27 21:02:08.034085,75.22
2025-06-27 22:02:08.034085,39.87
2025-06-27 23:02:08.034085,13.07
2025-06-28 00:02:08.034085,1.04
2025-06-28 01:02:08.034085,2.58
2025-06-28 02:02:08.034085,4.65
2025-06-28 03:02:08.034085,13.36
2025-06-28 04:02:08.034085,39.9
2025-06-28 05:02:08.034085,49.94
2025-06-28 06:02:08.034085,125.93
2025-06-28 07:02:08.034085,180.11
2025-06-28 08:02:08.034085,259.46
2025-06-28 09:02:08.034085,403.26
2025-06-28 10:02:08.034085,501.39
2025-06-28 11:02:08.034085,937.38
2025-06-28 12:02:08.034085,693.14
2025-06-28 13:02:08.034085,1105.0
2025-06-28 14:02:08.034085,824.55
2025-06-28 15:02:08.034085,779.51
2025-06-28 16:02:08.034085,725.8
2025-06-28 17:02:08.034085,518.8
2025-06-28 18:02:08.034085,252.54
2025-06-28 19:02:08.034085,245.05
2025-06-28 20:02:08.034085,105.41
2025-06-28 21:02:08.034085,69.26
2025-06-28 22:02:08.034085,23.38
2025-06-28 23:02:08.034085,17.35
2025-06-29 00:02:08.034085,0.95
2025-06-29 01:02:08.034085,2.07
2025-06-29 02:02:08.034085,6.71
2025-06-29 03:02:08.034085,13.81
2025-06-29 04:02:08.034085,27.56
2025-06-29 05:02:08.034085,62.67
2025-06-29 06:02:08.034085,124.75
2025-06-29 07:02:08.034085,210.42
2025-06-29 08:02:08.034085,287.95
2025-06-29 09:02:08.034085,446.14
2025-06-29 10:02:08.034085,668.87
2025-06-29 11:02:08.034085,750.44
2025-06-29 12:02:08.034085,965.46
2025-06-29 13:02:08.034085,947.08
2025-06-29 14:02:08.034085,876.96
2025-06-29 15:02:08.034085,724.29
2025-06-29 16:02:08.034085,547.27
2025-06-29 17:02:08.034085,567.79
2025-06-29 18:02:08.034085,365.17
2025-06-29 19:02:08.034085,191.55
2025-06-29 20:02:08.034085,128.18
2025-06-29 21:02:08.034085,70.86
2025-06-29 22:02:08.034085,28.52
2025-06-29 23:02:08.034085,15.01
2025-06-30 00:02:08.034085,0.84
2025-06-30 01:02:08.034085,2.31
2025-06-30 02:02:08.034085,6.04
2025-06-30 03:02:08.034085,12.09
2025-06-30 04:02:08.034085,32.33
2025-06-30 05:02:08.034085,81.07
2025-06-30 06:02:08.034085,100.9
2025-06-30 07:02:08.034085,156.2
2025-06-30 08:02:08.034085,353.68
2025-06-30 09:02:08.034085,394.04
2025-06-30 10:02:08.034085,603.35
2025-06-30 11:02:08.034085,515.02
2025-06-30 12:02:08.034085,950.54
2025-06-30 13:02:08.034085,1014.93
2025-06-30 14:02:08.034085,1035.14
2025-06-30 15:02:08.034085,874.92
2025-06-30 16:02:08.034085,524.98
2025-06-30 17:02:08.034085,454.0
2025-06-30 18:02:08.034085,253.12
2025-06-30 19:02:08.034085,182.76
2025-06-30 20:02:08.034085,140.22
2025-06-30 21:02:08.034085,43.56
2025-06-30 22:02:08.034085,25.84
2025-06-30 23:02:08.034085,14.01
2025-07-01 00:02:08.034085,0.84
2025-07-01 01:02:08.034085,2.27
2025-07-01 02:02:08.034085,4.35
2025-07-01 03:02:08.034085,10.52
2025-07-01 04:02:08.034085,32.21
2025-07-01 05:02:08.034085,60.28
2025-07-01 06:02:08.034085,107.22
2025-07-01 07:02:08.034085,177.48
2025-07-01 08:02:08.034085,217.69
2025-07-01 09:02:08.034085,454.64
2025-07-01 10:02:08.034085,671.74
2025-07-01 11:02:08.034085,783.45
2025-07-01 12:02:08.034085,735.18
2025-07-01 13:02:08.034085,603.57
2025-07-01 14:02:08.034085,972.76
2025-07-01 15:02:08.034085,778.99
2025-07-01 16:02:08.034085,517.88
2025-07-01 17:02:08.034085,421.23
2025-07-01 18:02:08.034085,350.79
2025-07-01 19:02:08.034085,178.93
2025-07-01 20:02:08.034085,119.11
2025-07-01 21:02:08.034085,55.88
2025-07-01 22:02:08.034085,29.95
2025-07-01 23:02:08.034085,15.06
2025-07-02 00:02:08.034085,0.66
2025-07-02 01:02:08.034085,2.06
2025-07-02 02:02:08.034085,4.74
2025-07-02 03:02:08.034085,12.64
2025-07-02 04:02:08.034085,35.04
2025-07-02 05:02:08.034085,61.04
2025-07-02 06:02:08.034085,127.64
2025-07-02 07:02:08.034085,182.45
2025-07-02 08:02:08.034085,365.9
2025-07-02 09:02:08.034085,483.95
2025-07-02 10:02:08.034085,619.01
2025-07-02 11:02:08.034085,846.06
2025-07-02 12:02:08.034085,732.27
2025-07-02 13:02:08.034085,838.86
2025-07-02 14:02:08.034085,750.21
2025-07-02 15:02:08.034085,662.29
2025-07-02 16:02:08.034085,614.02
2025-07-02 17:02:08.034085,472.82
2025-07-02 18:02:08.034085,253.6
2025-07-02 19:02:08.034085,187.26
2025-07-02 20:02:08.034085,109.54
2025-07-02 21:02:08.034085,54.27
2025-07-02 22:02:08.034085,25.91
2025-07-02 23:02:08.034085,11.78
2025-07-03 00:02:08.034085,1.03
2025-07-03 01:02:08.034085,2.19
2025-07-03 02:02:08.034085,6.14
2025-07-03 03:02:08.034085,15.52
2025-07-03 04:02:08.034085,27.3
2025-07-03 05:02:08.034085,68.28
2025-07-03 06:02:08.034085,80.74
2025-07-03 07:02:08.034085,197.2
2025-07-03 08:02:08.034085,302.72
2025-07-03 09:02:08.034085,485.66
2025-07-03 10:02:08.034085,682.48
2025-07-03 11:02:08.034085,640.0
2025-07-03 12:02:08.034085,799.77
2025-07-03 13:02:08.034085,928.87
2025-07-03 14:02:08.034085,888.26
2025-07-03 15:02:08.034085,494.37
2025-07-03 16:02:08.034085,560.49
2025-07-03 17:02:08.034085,401.66
2025-07-03 18:02:08.034085,281.55
2025-07-03 19:02:08.034085,205.68
2025-07-03 20:02:08.034085,103.42
2025-07-03 21:02:08.034085,78.36
2025-07-03 22:02:08.034085,37.05
2025-07-03 23:02:08.034085,14.05
2025-07-04 00:02:08.034085,0.94
2025-07-04 01:02:08.034085,2.65
2025-07-04 02:02:08.034085,7.65
2025-07-04 03:02:08.034085,12.16
2025-07-04 04:02:08.034085,29.67
2025-07-04 05:02:08.034085,55.99
2025-07-04 06:02:08.034085,105.77
2025-07-04 07:02:08.034085,201.72
2025-07-04 08:02:08.034085,325.12
2025-07-04 09:02:08.034085,461.07
2025-07-04 10:02:08.034085,619.76
2025-07-04 11:02:08.034085,886.27
2025-07-04 12:02:08.034085,867.27
2025-07-04 13:02:08.034085,743.45
2025-07-04 14:02:08.034085,854.15
2025-07-04 15:02:08.034085,606.38
2025-07-04 16:02:08.034085,608.01
2025-07-04 17:02:08.034085,424.27
2025-07-04 18:02:08.034085,299.37
2025-07-04 19:02:08.034085,177.65
2025-07-04 20:02:08.034085,127.39
2025-07-04 21:02:08.034085,65.59
2025-07-04 22:02:08.034085,25.1
2025-07-04 23:02:08.034085,13.92
2025-07-05 00:02:08.034085,0.9
2025-07-05 01:02:08.034085,2.67
2025-07-05 02:02:08.034085,7.65
2025-07-05 03:02:08.034085,12.66
2025-07-05 04:02:08.034085,22.36
2025-07-05 05:02:08.034085,57.02
2025-07-05 06:02:08.034085,121.25
2025-07-05 07:02:08.034085,190.54
2025-07-05 08:02:08.034085,234.28
2025-07-05 09:02:08.034085,441.51
2025-07-05 10:02:08.034085,519.8
2025-07-05 11:02:08.034085,798.95
2025-07-05 12:02:08.034085,848.7
2025-07-05 13:02:08.034085,1021.52
2025-07-05 14:02:08.034085,821.21
2025-07-05 15:02:08.034085,645.99
2025-07-05 16:02:08.034085,508.01
2025-07-05 17:02:08.034085,395.8
2025-07-05 18:02:08.034085,273.27
2025-07-05 19:02:08.034085,185.84
2025-07-05 20:02:08.034085,108.52
2025-07-05 21:02:08.034085,75.6
2025-07-05 22:02:08.034085,28.94
2025-07-05 23:02:08.034085,16.61
2025-07-06 00:02:08.034085,0.91
2025-07-06 01:02:08.034085,1.96
2025-07-06 02:02:08.034085,5.46
2025-07-06 03:02:08.034085,15.57
2025-07-06 04:02:08.034085,33.11
2025-07-06 05:02:08.034085,66.28
2025-07-06 06:02:08.034085,97.6
2025-07-06 07:02:08.034085,179.88
2025-07-06 08:02:08.034085,285.23
2025-07-06 09:02:08.034085,393.98
2025-07-06 10:02:08.034085,544.69
2025-07-06 11:02:08.034085,544.72
2025-07-06 12:02:08.034085,853.32
2025-07-06 13:02:08.034085,544.74
2025-07-06 14:02:08.034085,633.7
2025-07-06 15:02:08.034085,742.17
2025-07-06 16:02:08.034085,722.35
2025-07-06 17:02:08.034085,443.48
2025-07-06 18:02:08.034085,382.58
2025-07-06 19:02:08.034085,155.54
2025-07-06 20:02:08.034085,102.36
2025-07-06 21:02:08.034085,73.54
2025-07-06 22:02:08.034085,23.54
2025-07-06 23:02:08.034085,14.3
2025-07-07 00:02:08.034085,0.87
2025-07-07 01:02:08.034085,1.39
2025-07-07 02:02:08.034085,5.37
2025-07-07 03:02:08.034085,10.55
2025-07-07 04:02:08.034085,29.79
2025-07-07 05:02:08.034085,57.37
2025-07-07 06:02:08.034085,101.85
2025-07-07 07:02:08.034085,230.66
2025-07-07 08:02:08.034085,268.02
2025-07-07 09:02:08.034085,427.1
2025-07-07 10:02:08.034085,596.48
2025-07-07 11:02:08.034085,690.23
2025-07-07 12:02:08.034085,710.28
2025-07-07 13:02:08.034085,733.51
2025-07-07 14:02:08.034085,832.0
2025-07-07 15:02:08.034085,446.87
2025-07-07 16:02:08.034085,739.66
2025-07-07 17:02:08.034085,400.62
2025-07-07 18:02:08.034085,192.53
2025-07-07 19:02:08.034085,181.49
2025-07-07 20:02:08.034085,132.02
2025-07-07 21:02:08.034085,55.76
2025-07-07 22:02:08.034085,39.15
2025-07-07 23:02:08.034085,17.09
2025-07-08 00:02:08.034085,0.8
2025-07-08 01:02:08.034085,2.99
2025-07-08 02:02:08.034085,5.66
2025-07-08 03:02:08.034085,11.11
2025-07-08 04:02:08.034085,26.19
2025-07-08 05:02:08.034085,60.1
2025-07-08 06:02:08.034085,92.06
2025-07-08 07:02:08.034085,165.72
2025-07-08 08:02:08.034085,359.27
2025-07-08 09:02:08.034085,442.58
2025-07-08 10:02:08.034085,445.02
2025-07-08 11:02:08.034085,822.42
2025-07-08 12:02:08.034085,759.99
2025-07-08 13:02:08.034085,769.62
2025-07-08 14:02:08.034085,802.5
2025-07-08 15:02:08.034085,749.49
2025-07-08 16:02:08.034085,644.69
2025-07-08 17:02:08.034085,454.31
2025-07-08 18:02:08.034085,314.73
2025-07-08 19:02:08.034085,179.87
2025-07-08 20:02:08.034085,120.83
2025-07-08 21:02:08.034085,54.84
2025-07-08 22:02:08.034085,25.79
2025-07-08 23:02:08.034085,9.87
2025-07-09 00:02:08.034085,0.66
2025-07-09 01:02:08.034085,1.88
2025-07-09 02:02:08.034085,7.19
2025-07-09 03:02:08.034085,16.58
2025-07-09 04:02:08.034085,33.84
2025-07-09 05:02:08.034085,67.63
2025-07-09 06:02:08.034085,135.87
2025-07-09 07:02:08.034085,158.01
2025-07-09 08:02:08.034085,325.75
2025-07-09 09:02:08.034085,359.95
2025-07-09 10:02:08.034085,516.86
2025-07-09 11:02:08.034085,752.7
2025-07-09 12:02:08.034085,752.66
2025-07-09 13:02:08.034085,788.05
2025-07-09 14:02:08.034085,790.39
2025-07-09 15:02:08.034085,680.27
2025-07-09 16:02:08.034085,603.67
2025-07-09 17:02:08.034085,327.59
2025-07-09 18:02:08.034085,331.4
2025-07-09 19:02:08.034085,157.9
2025-07-09 20:02:08.034085,113.79
2025-07-09 21:02:08.034085,69.07
2025-07-09 22:02:08.034085,31.24
2025-07-09 23:02:08.034085,13.81
2025-07-10 00:02:08.034085,0.98
2025-07-10 01:02:08.034085,2.38
2025-07-10 02:02:08.034085,4.72
2025-07-10 03:02:08.034085,15.39
2025-07-10 04:02:08.034085,37.63
2025-07-10 05:02:08.034085,55.76
2025-07-10 06:02:08.034085,144.54
2025-07-10 07:02:08.034085,192.83
2025-07-10 08:02:08.034085,252.71
2025-07-10 09:02:08.034085,457.76
2025-07-10 10:02:08.034085,521.06
2025-07-10 11:02:08.034085,751.64
2025-07-10 12:02:08.034085,713.78
2025-07-10 13:02:08.034085,829.37
2025-07-10 14:02:08.034085,861.21
2025-07-10 15:02:08.034085,776.38
2025-07-10 16:02:08.034085,648.09
2025-07-10 17:02:08.034085,398.85
2025-07-10 18:02:08.034085,259.44
2025-07-10 19:02:08.034085,245.71
2025-07-10 20:02:08.034085,102.1
2025-07-10 21:02:08.034085,53.09
2025-07-10 22:02:08.034085,37.37
2025-07-10 23:02:08.034085,12.41
2025-07-11 00:02:08.034085,0.78
2025-07-11 01:02:08.034085,2.25
2025-07-11 02:02:08.034085,6.28
2025-07-11 03:02:08.034085,16.99
2025-07-11 04:02:08.034085,33.4
2025-07-11 05:02:08.034085,49.69
2025-07-11 06:02:08.034085,126.61
2025-07-11 07:02:08.034085,137.71
2025-07-11 08:02:08.034085,262.9
2025-07-11 09:02:08.034085,496.75
2025-07-11 10:02:08.034085,519.11
2025-07-11 11:02:08.034085,730.27
2025-07-11 12:02:08.034085,948.11
2025-07-11 13:02:08.034085,889.06
2025-07-11 14:02:08.034085,458.0
2025-07-11 15:02:08.034085,606.03
2025-07-11 16:02:08.034085,515.17
2025-07-11 17:02:08.034085,322.12
2025-07-11 18:02:08.034085,298.08
2025-07-11 19:02:08.034085,189.32
2025-07-11 20:02:08.034085,113.61
2025-07-11 21:02:08.034085,55.03
2025-07-11 22:02:08.034085,37.55
2025-07-11 23:02:08.034085,12.37
2025-07-12 00:02:08.034085,0.75
2025-07-12 01:02:08.034085,2.26
2025-07-12 02:02:08.034085,5.14
2025-07-12 03:02:08.034085,12.33
2025-07-12 04:02:08.034085,26.95
2025-07-12 05:02:08.034085,62.57
2025-07-12 06:02:08.034085,136.65
2025-07-12 07:02:08.034085,201.34
2025-07-12 08:02:08.034085,276.61
2025-07-12 09:02:08.034085,358.79
2025-07-12 10:02:08.034085,531.27
2025-07-12 11:02:08.034085,764.54
2025-07-12 12:02:08.034085,992.06
2025-07-12 13:02:08.034085,760.49
2025-07-12 14:02:08.034085,713.02
2025-07-12 15:02:08.034085,676.81
2025-07-12 16:02:08.034085,545.3
2025-07-12 17:02:08.034085,241.03
2025-07-12 18:02:08.034085,268.14
2025-07-12 19:02:08.034085,140.95
2025-07-12 20:02:08.034085,114.3
2025-07-12 21:02:08.034085,55.45
2025-07-12 22:02:08.034085,27.83
2025-07-12 23:02:08.034085,18.03
2025-07-13 00:02:08.034085,0.71
2025-07-13 01:02:08.034085,1.71
2025-07-13 02:02:08.034085,7.0
2025-07-13 03:02:08.034085,12.91
2025-07-13 04:02:08.034085,31.03
2025-07-13 05:02:08.034085,69.11
2025-07-13 06:02:08.034085,108.17
2025-07-13 07:02:08.034085,167.78
2025-07-13 08:02:08.034085,275.76
2025-07-13 09:02:08.034085,426.02
2025-07-13 10:02:08.034085,436.06
2025-07-13 11:02:08.034085,617.85
2025-07-13 12:02:08.034085,760.99
2025-07-13 13:02:08.034085,829.26
2025-07-13 14:02:08.034085,923.27
2025-07-13 15:02:08.034085,826.86
2025-07-13 16:02:08.034085,675.67
2025-07-13 17:02:08.034085,396.96
2025-07-13 18:02:08.034085,309.61
2025-07-13 19:02:08.034085,176.06
2025-07-13 20:02:08.034085,82.61
2025-07-13 21:02:08.034085,49.33
2025-07-13 22:02:08.034085,33.39
2025-07-13 23:02:08.034085,13.85
2025-07-14 00:02:08.034085,0.93
2025-07-14 01:02:08.034085,2.45
2025-07-14 02:02:08.034085,6.08
2025-07-14 03:02:08.034085,11.23
2025-07-14 04:02:08.034085,33.04
2025-07-14 05:02:08.034085,38.88
2025-07-14 06:02:08.034085,112.66
2025-07-14 07:02:08.034085,212.36
2025-07-14 08:02:08.034085,259.12
2025-07-14 09:02:08.034085,514.29
2025-07-14 10:02:08.034085,644.75
2025-07-14 11:02:08.034085,577.39
2025-07-14 12:02:08.034085,684.4
2025-07-14 13:02:08.034085,867.69
2025-07-14 14:02:08.034085,599.23
2025-07-14 15:02:08.034085,694.83
2025-07-14 16:02:08.034085,654.54
2025-07-14 17:02:08.034085,398.99
2025-07-14 18:02:08.034085,329.61
2025-07-14 19:02:08.034085,204.8
2025-07-14 20:02:08.034085,120.04
2025-07-14 21:02:08.034085,57.02
2025-07-14 22:02:08.034085,32.17
2025-07-14 23:02:08.034085,18.03
2025-07-15 00:02:08.034085,0.85
2025-07-15 01:02:08.034085,2.93
2025-07-15 02:02:08.034085,4.28
2025-07-15 03:02:08.034085,14.96
2025-07-15 04:02:08.034085,33.08
2025-07-15 05:02:08.034085,61.22
2025-07-15 06:02:08.034085,129.13
2025-07-15 07:02:08.034085,233.16
2025-07-15 08:02:08.034085,348.83
2025-07-15 09:02:08.034085,460.47
2025-07-15 10:02:08.034085,546.08
2025-07-15 11:02:08.034085,654.68
2025-07-15 12:02:08.034085,721.22
2025-07-15 13:02:08.034085,736.46
2025-07-15 14:02:08.034085,730.4
2025-07-15 15:02:08.034085,818.39
2025-07-15 16:02:08.034085,628.69
2025-07-15 17:02:08.034085,470.36
2025-07-15 18:02:08.034085,332.17
2025-07-15 19:02:08.034085,126.92
2025-07-15 20:02:08.034085,139.27
2025-07-15 21:02:08.034085,66.32
2025-07-15 22:02:08.034085,22.41
2025-07-15 23:02:08.034085,12.93
2025-07-16 00:02:08.034085,0.86
2025-07-16 01:02:08.034085,2.2
2025-07-16 02:02:08.034085,5.59
2025-07-16 03:02:08.034085,11.85
2025-07-16 04:02:08.034085,28.31
2025-07-16 05:02:08.034085,60.44
2025-07-16 06:02:08.034085,83.01
2025-07-16 07:02:08.034085,209.99
2025-07-16 08:02:08.034085,384.95
2025-07-16 09:02:08.034085,508.81
2025-07-16 10:02:08.034085,494.74
2025-07-16 11:02:08.034085,579.86
2025-07-16 12:02:08.034085,895.95
2025-07-16 13:02:08.034085,866.13
2025-07-16 14:02:08.034085,790.64
2025-07-16 15:02:08.034085,834.11
2025-07-16 16:02:08.034085,385.04
2025-07-16 17:02:08.034085,389.91
2025-07-16 18:02:08.034085,350.95
2025-07-16 19:02:08.034085,201.95
2025-07-16 20:02:08.034085,101.89
2025-07-16 21:02:08.034085,58.67
2025-07-16 22:02:08.034085,24.18
2025-07-16 23:02:08.034085,13.29
2025-07-17 00:02:08.034085,0.83
2025-07-17 01:02:08.034085,1.85
2025-07-17 02:02:08.034085,6.75
2025-07-17 03:02:08.034085,10.79
2025-07-17 04:02:08.034085,33.54
2025-07-17 05:02:08.034085,58.34
2025-07-17 06:02:08.034085,111.05
2025-07-17 07:02:08.034085,215.05
2025-07-17 08:02:08.034085,248.67
2025-07-17 09:02:08.034085,415.27
2025-07-17 10:02:08.034085,576.21
2025-07-17 11:02:08.034085,754.15
2025-07-17 12:02:08.034085,1025.28
2025-07-17 13:02:08.034085,940.79
2025-07-17 14:02:08.034085,903.98
2025-07-17 15:02:08.034085,605.79
2025-07-17 16:02:08.034085,682.83
2025-07-17 17:02:08.034085,440.95
2025-07-17 18:02:08.034085,245.34
2025-07-17 19:02:08.034085,191.83
2025-07-17 20:02:08.034085,87.54
2025-07-17 21:02:08.034085,59.15
2025-07-17 22:02:08.034085,25.2
2025-07-17 23:02:08.034085,11.69
2025-07-18 00:02:08.034085,0.79
2025-07-18 01:02:08.034085,2.49
2025-07-18 02:02:08.034085,5.95
2025-07-18 03:02:08.034085,11.49
2025-07-18 04:02:08.034085,28.86
2025-07-18 05:02:08.034085,70.58
2025-07-18 06:02:08.034085,101.43
2025-07-18 07:02:08.034085,150.11
2025-07-18 08:02:08.034085,286.68
2025-07-18 09:02:08.034085,357.53
2025-07-18 10:02:08.034085,693.16
2025-07-18 11:02:08.034085,677.36
2025-07-18 12:02:08.034085,850.72
2025-07-18 13:02:08.034085,733.47
2025-07-18 14:02:08.034085,627.55
2025-07-18 15:02:08.034085,746.77
2025-07-18 16:02:08.034085,674.13
2025-07-18 17:02:08.034085,390.53
2025-07-18 18:02:08.034085,313.63
2025-07-18 19:02:08.034085,139.41
2025-07-18 20:02:08.034085,84.14
2025-07-18 21:02:08.034085,70.27
2025-07-18 22:02:08.034085,24.55
2025-07-18 23:02:08.034085,14.55
2025-07-19 00:02:08.034085,1.03
2025-07-19 01:02:08.034085,1.92
2025-07-19 02:02:08.034085,4.99
2025-07-19 03:02:08.034085,13.29
2025-07-19 04:02:08.034085,26.79
2025-07-19 05:02:08.034085,65.67
2025-07-19 06:02:08.034085,136.9
2025-07-19 07:02:08.034085,182.72
2025-07-19 08:02:08.034085,261.78
2025-07-19 09:02:08.034085,381.89
2025-07-19 10:02:08.034085,536.92
2025-07-19 11:02:08.034085,738.19
2025-07-19 12:02:08.034085,821.35
2025-07-19 13:02:08.034085,810.56
2025-07-19 14:02:08.034085,907.31
2025-07-19 15:02:08.034085,768.64
2025-07-19 16:02:08.034085,657.91
2025-07-19 17:02:08.034085,368.8
2025-07-19 18:02:08.034085,276.48
2025-07-19 19:02:08.034085,228.2
2025-07-19 20:02:08.034085,143.22
2025-07-19 21:02:08.034085,51.44
2025-07-19 22:02:08.034085,25.5
2025-07-19 23:02:08.034085,15.0
2025-07-20 00:02:08.034085,0.9
2025-07-20 01:02:08.034085,2.04
2025-07-20 02:02:08.034085,5.79
2025-07-20 03:02:08.034085,13.16
2025-07-20 04:02:08.034085,23.94
2025-07-20 05:02:08.034085,53.98
2025-07-20 06:02:08.034085,115.67
2025-07-20 07:02:08.034085,162.78
2025-07-20 08:02:08.034085,341.28
2025-07-20 09:02:08.034085,392.55
2025-07-20 10:02:08.034085,413.71
2025-07-20 11:02:08.034085,613.57
2025-07-20 12:02:08.034085,766.9
2025-07-20 13:02:08.034085,771.19
2025-07-20 14:02:08.034085,843.13
2025-07-20 15:02:08.034085,849.46
2025-07-20 16:02:08.034085,568.03
2025-07-20 17:02:08.034085,370.15
2025-07-20 18:02:08.034085,330.72
2025-07-20 19:02:08.034085,245.71
2025-07-20 20:02:08.034085,93.37
2025-07-20 21:02:08.034085,59.34
2025-07-20 22:02:08.034085,25.81
2025-07-20 23:02:08.034085,13.36
2025-07-21 00:02:08.034085,0.89
2025-07-21 01:02:08.034085,2.44
2025-07-21 02:02:08.034085,4.56
2025-07-21 03:02:08.034085,12.41
2025-07-21 04:02:08.034085,37.33
2025-07-21 05:02:08.034085,61.88
2025-07-21 06:02:08.034085,102.42
2025-07-21 07:02:08.034085,213.66
2025-07-21 08:02:08.034085,297.99
2025-07-21 09:02:08.034085,501.76
2025-07-21 10:02:08.034085,739.66
2025-07-21 11:02:08.034085,712.49
2025-07-21 12:02:08.034085,801.31
2025-07-21 13:02:08.034085,1067.99
2025-07-21 14:02:08.034085,836.54
2025-07-21 15:02:08.034085,492.61
2025-07-21 16:02:08.034085,500.63
2025-07-21 17:02:08.034085,415.0
2025-07-21 18:02:08.034085,282.46
2025-07-21 19:02:08.034085,175.66
2025-07-21 20:02:08.034085,124.8
2025-07-21 21:02:08.034085,53.08
2025-07-21 22:02:08.034085,26.21
2025-07-21 23:02:08.034085,11.86
2025-07-22 00:02:08.034085,0.91
2025-07-22 01:02:08.034085,1.81
2025-07-22 02:02:08.034085,6.55
2025-07-22 03:02:08.034085,16.39
2025-07-22 04:02:08.034085,25.53
2025-07-22 05:02:08.034085,61.56
2025-07-22 06:02:08.034085,118.41
2025-07-22 07:02:08.034085,207.51
2025-07-22 08:02:08.034085,217.11
2025-07-22 09:02:08.034085,406.81
2025-07-22 10:02:08.034085,594.33
2025-07-22 11:02:08.034085,518.32
2025-07-22 12:02:08.034085,872.31
2025-07-22 13:02:08.034085,1067.99
2025-07-22 14:02:08.034085,938.55
2025-07-22 15:02:08.034085,684.06
2025-07-22 16:02:08.034085,596.94
2025-07-22 17:02:08.034085,400.88
2025-07-22 18:02:08.034085,259.58
2025-07-22 19:02:08.034085,159.1
2025-07-22 20:02:08.034085,118.67
2025-07-22 21:02:08.034085,57.38
2025-07-22 22:02:08.034085,30.89
2025-07-22 23:02:08.034085,14.57
2025-07-23 00:02:08.034085,0.7
2025-07-23 01:02:08.034085,2.1
2025-07-23 02:02:08.034085,6.38
2025-07-23 03:02:08.034085,16.19
2025-07-23 04:02:08.034085,32.83
2025-07-23 05:02:08.034085,78.36
2025-07-23 06:02:08.034085,123.5
2025-07-23 07:02:08.034085,162.52
2025-07-23 08:02:08.034085,325.14
2025-07-23 09:02:08.034085,485.41
2025-07-23 10:02:08.034085,516.61
2025-07-23 11:02:08.034085,831.62
2025-07-23 12:02:08.034085,616.88
2025-07-23 13:02:08.034085,794.81
2025-07-23 14:02:08.034085,633.83
2025-07-23 15:02:08.034085,754.32
2025-07-23 16:02:08.034085,537.56
2025-07-23 17:02:08.034085,295.97
2025-07-23 18:02:08.034085,304.05
2025-07-23 19:02:08.034085,128.54
2025-07-23 20:02:08.034085,104.97
2025-07-23 21:02:08.034085,59.94
2025-07-23 22:02:08.034085,30.87
2025-07-23 23:02:08.034085,17.62
2025-07-24 00:02:08.034085,1.0
2025-07-24 01:02:08.034085,2.64
2025-07-24 02:02:08.034085,5.3
2025-07-24 03:02:08.034085,14.81
2025-07-24 04:02:08.034085,33.51
2025-07-24 05:02:08.034085,64.74
2025-07-24 06:02:08.034085,119.02
2025-07-24 07:02:08.034085,222.66
2025-07-24 08:02:08.034085,287.9
2025-07-24 09:02:08.034085,531.42
2025-07-24 10:02:08.034085,542.83
2025-07-24 11:02:08.034085,549.41
2025-07-24 12:02:08.034085,817.76
2025-07-24 13:02:08.034085,672.27
2025-07-24 14:02:08.034085,694.87
2025-07-24 15:02:08.034085,679.48
2025-07-24 16:02:08.034085,593.11
2025-07-24 17:02:08.034085,375.06
2025-07-24 18:02:08.034085,309.03
2025-07-24 19:02:08.034085,177.57
2025-07-24 20:02:08.034085,107.45
2025-07-24 21:02:08.034085,57.98
2025-07-24 22:02:08.034085,37.53
2025-07-24 23:02:08.034085,15.85
2025-07-25 00:02:08.034085,1.05
2025-07-25 01:02:08.034085,2.37
2025-07-25 02:02:08.034085,5.28
2025-07-25 03:02:08.034085,14.1
2025-07-25 04:02:08.034085,23.98
2025-07-25 05:02:08.034085,75.14
2025-07-25 06:02:08.034085,91.0
2025-07-25 07:02:08.034085,184.48
2025-07-25 08:02:08.034085,256.81
2025-07-25 09:02:08.034085,332.46
2025-07-25 10:02:08.034085,615.76
2025-07-25 11:02:08.034085,907.11
2025-07-25 12:02:08.034085,611.13
2025-07-25 13:02:08.034085,825.34
2025-07-25 14:02:08.034085,734.56
2025-07-25 15:02:08.034085,882.26
2025-07-25 16:02:08.034085,666.51
2025-07-25 17:02:08.034085,490.36
2025-07-25 18:02:08.034085,268.7
2025-07-25 19:02:08.034085,182.09
2025-07-25 20:02:08.034085,114.99
2025-07-25 21:02:08.034085,76.28
2025-07-25 22:02:08.034085,32.96
2025-07-25 23:02:08.034085,16.08
2025-07-26 00:02:08.034085,0.73
2025-07-26 01:02:08.034085,2.3
2025-07-26 02:02:08.034085,4.96
2025-07-26 03:02:08.034085,14.2
2025-07-26 04:02:08.034085,36.0
2025-07-26 05:02:08.034085,68.69
2025-07-26 06:02:08.034085,124.35
2025-07-26 07:02:08.034085,186.88
2025-07-26 08:02:08.034085,366.79
2025-07-26 09:02:08.034085,397.18
2025-07-26 10:02:08.034085,556.28
2025-07-26 11:02:08.034085,907.11
2025-07-26 12:02:08.034085,958.66
2025-07-26 13:02:08.034085,868.86
2025-07-26 14:02:08.034085,728.38
2025-07-26 15:02:08.034085,570.16
2025-07-26 16:02:08.034085,512.73
2025-07-26 17:02:08.034085,433.76
2025-07-26 18:02:08.034085,384.95
2025-07-26 19:02:08.034085,184.6
2025-07-26 20:02:08.034085,93.12
2025-07-26 21:02:08.034085,47.37
2025-07-26 22:02:08.034085,34.98
2025-07-26 23:02:08.034085,14.36
2025-07-27 00:02:08.034085,0.88
2025-07-27 01:02:08.034085,2.23
2025-07-27 02:02:08.034085,7.65
2025-07-27 03:02:08.034085,15.69
2025-07-27 04:02:08.034085,31.45
2025-07-27 05:02:08.034085,60.86
2025-07-27 06:02:08.034085,124.17
2025-07-27 07:02:08.034085,192.84
2025-07-27 08:02:08.034085,240.32
2025-07-27 09:02:08.034085,506.48
2025-07-27 10:02:08.034085,652.08
2025-07-27 11:02:08.034085,827.54
2025-07-27 12:02:08.034085,868.18
2025-07-27 13:02:08.034085,698.87
2025-07-27 14:02:08.034085,1025.28
2025-07-27 15:02:08.034085,682.07
2025-07-27 16:02:08.034085,460.37
2025-07-27 17:02:08.034085,537.94
2025-07-27 18:02:08.034085,280.97
2025-07-27 19:02:08.034085,199.52
2025-07-27 20:02:08.034085,130.29
2025-07-27 21:02:08.034085,58.34
2025-07-27 22:02:08.034085,34.25
2025-07-27 23:02:08.034085,10.57
2025-07-28 00:02:08.034085,0.76
2025-07-28 01:02:08.034085,2.63
2025-07-28 02:02:08.034085,6.43
2025-07-28 03:02:08.034085,14.15
2025-07-28 04:02:08.034085,28.38
2025-07-28 05:02:08.034085,72.07
2025-07-28 06:02:08.034085,70.47
2025-07-28 07:02:08.034085,160.52
2025-07-28 08:02:08.034085,284.32
2025-07-28 09:02:08.034085,398.23
2025-07-28 10:02:08.034085,517.01
2025-07-28 11:02:08.034085,750.84
2025-07-28 12:02:08.034085,645.31
2025-07-28 13:02:08.034085,910.17
2025-07-28 14:02:08.034085,600.08
2025-07-28 15:02:08.034085,821.3
2025-07-28 16:02:08.034085,589.12
2025-07-28 17:02:08.034085,531.83
2025-07-28 18:02:08.034085,364.0
2025-07-28 19:02:08.034085,160.53
2025-07-28 20:02:08.034085,103.38
2025-07-28 21:02:08.034085,44.87
2025-07-28 22:02:08.034085,34.44
2025-07-28 23:02:08.034085,14.8
2025-07-29 00:02:08.034085,1.0
2025-07-29 01:02:08.034085,2.78
2025-07-29 02:02:08.034085,5.75
2025-07-29 03:02:08.034085,17.52
2025-07-29 04:02:08.034085,28.77
2025-07-29 05:02:08.034085,51.94
2025-07-29 06:02:08.034085,123.96
2025-07-29 07:02:08.034085,196.68
2025-07-29 08:02:08.034085,283.04
2025-07-29 09:02:08.034085,465.47
2025-07-29 10:02:08.034085,630.27
2025-07-29 11:02:08.034085,599.16
2025-07-29 12:02:08.034085,692.01
2025-07-29 13:02:08.034085,905.26
2025-07-29 14:02:08.034085,830.91
2025-07-29 15:02:08.034085,691.04
2025-07-29 16:02:08.034085,635.8
2025-07-29 17:02:08.034085,365.58
2025-07-29 18:02:08.034085,263.32
2025-07-29 19:02:08.034085,193.88
2025-07-29 20:02:08.034085,130.61
2025-07-29 21:02:08.034085,62.74
2025-07-29 22:02:08.034085,33.44
2025-07-29 23:02:08.034085,11.74
2025-07-30 00:02:08.034085,0.84
2025-07-30 01:02:08.034085,2.06
2025-07-30 02:02:08.034085,6.45
2025-07-30 03:02:08.034085,11.83
2025-07-30 04:02:08.034085,30.75
2025-07-30 05:02:08.034085,70.37
2025-07-30 06:02:08.034085,92.8
2025-07-30 07:02:08.034085,185.49
2025-07-30 08:02:08.034085,355.26
2025-07-30 09:02:08.034085,408.0
2025-07-30 10:02:08.034085,601.32
2025-07-30 11:02:08.034085,564.27
2025-07-30 12:02:08.034085,521.13
2025-07-30 13:02:08.034085,944.29
2025-07-30 14:02:08.034085,666.97
2025-07-30 15:02:08.034085,781.36
2025-07-30 16:02:08.034085,644.85
2025-07-30 17:02:08.034085,435.65
2025-07-30 18:02:08.034085,338.94
2025-07-30 19:02:08.034085,129.07
2025-07-30 20:02:08.034085,123.39
2025-07-30 21:02:08.034085,62.91
2025-07-30 22:02:08.034085,32.29
2025-07-30 23:02:08.034085,14.37
2025-07-31 00:02:08.034085,0.86
2025-07-31 01:02:08.034085,2.49
2025-07-31 02:02:08.034085,7.59
2025-07-31 03:02:08.034085,15.95
2025-07-31 04:02:08.034085,34.75
2025-07-31 05:02:08.034085,55.23
2025-07-31 06:02:08.034085,104.22
2025-07-31 07:02:08.034085,198.61
2025-07-31 08:02:08.034085,287.94
2025-07-31 09:02:08.034085,485.69
2025-07-31 10:02:08.034085,574.38
2025-07-31 11:02:08.034085,678.66
2025-07-31 12:02:08.034085,880.2
2025-07-31 13:02:08.034085,879.29
2025-07-31 14:02:08.034085,706.61
2025-07-31 15:02:08.034085,705.25
2025-07-31 16:02:08.034085,609.7
2025-07-31 17:02:08.034085,495.04
2025-07-31 18:02:08.034085,357.02
2025-07-31 19:02:08.034085,170.13
2025-07-31 20:02:08.034085,96.47
2025-07-31 21:02:08.034085,60.46
2025-07-31 22:02:08.034085,24.06
2025-07-31 23:02:08.034085,11.15
2025-08-01 00:02:08.034085,0.79
2025-08-01 01:02:08.034085,2.47
2025-08-01 02:02:08.034085,4.63
2025-08-01 03:02:08.034085,9.43
2025-08-01 04:02:08.034085,30.34
2025-08-01 05:02:08.034085,53.57
2025-08-01 06:02:08.034085,91.28
2025-08-01 07:02:08.034085,162.49
2025-08-01 08:02:08.034085,274.75
2025-08-01 09:02:08.034085,392.63
2025-08-01 10:02:08.034085,498.6
2025-08-01 11:02:08.034085,569.19
2025-08-01 12:02:08.034085,861.29
2025-08-01 13:02:08.034085,716.08
2025-08-01 14:02:08.034085,719.38
2025-08-01 15:02:08.034085,616.05
2025-08-01 16:02:08.034085,335.76
2025-08-01 17:02:08.034085,370.47
2025-08-01 18:02:08.034085,228.93
2025-08-01 19:02:08.034085,150.95
2025-08-01 20:02:08.034085,70.49
2025-08-01 21:02:08.034085,68.5
2025-08-01 22:02:08.034085,23.64
2025-08-01 23:02:08.034085,14.05
2025-08-02 00:02:08.034085,0.63
2025-08-02 01:02:08.034085,2.13
2025-08-02 02:02:08.034085,5.7
2025-08-02 03:02:08.034085,11.37
2025-08-02 04:02:08.034085,26.08
2025-08-02 05:02:08.034085,58.61
2025-08-02 06:02:08.034085,100.3
2025-08-02 07:02:08.034085,104.87
2025-08-02 08:02:08.034085,305.44
2025-08-02 09:02:08.034085,314.21
2025-08-02 10:02:08.034085,523.63
2025-08-02 11:02:08.034085,721.5
2025-08-02 12:02:08.034085,727.39
2025-08-02 13:02:08.034085,849.77
2025-08-02 14:02:08.034085,749.57
2025-08-02 15:02:08.034085,521.92
2025-08-02 16:02:08.034085,482.69
2025-08-02 17:02:08.034085,314.9
2025-08-02 18:02:08.034085,299.7
2025-08-02 19:02:08.034085,189.95
2025-08-02 20:02:08.034085,119.47
2025-08-02 21:02:08.034085,43.41
2025-08-02 22:02:08.034085,30.69
2025-08-02 23:02:08.034085,13.44
2025-08-03 00:02:08.034085,0.58
2025-08-03 01:02:08.034085,1.44
2025-08-03 02:02:08.034085,4.88
2025-08-03 03:02:08.034085,15.29
2025-08-03 04:02:08.034085,31.61
2025-08-03 05:02:08.034085,44.66
2025-08-03 06:02:08.034085,124.33
2025-08-03 07:02:08.034085,164.68
2025-08-03 08:02:08.034085,255.98
2025-08-03 09:02:08.034085,487.82
2025-08-03 10:02:08.034085,587.45
2025-08-03 11:02:08.034085,518.8
2025-08-03 12:02:08.034085,717.26
2025-08-03 13:02:08.034085,706.77
2025-08-03 14:02:08.034085,624.11
2025-08-03 15:02:08.034085,633.22
2025-08-03 16:02:08.034085,430.53
2025-08-03 17:02:08.034085,470.15
2025-08-03 18:02:08.034085,263.72
2025-08-03 19:02:08.034085,205.77
2025-08-03 20:02:08.034085,106.36
2025-08-03 21:02:08.034085,51.42
2025-08-03 22:02:08.034085,25.36
2025-08-03 23:02:08.034085,11.35
2025-08-04 00:02:08.034085,0.87
2025-08-04 01:02:08.034085,2.39
2025-08-04 02:02:08.034085,5.7
2025-08-04 03:02:08.034085,12.0
2025-08-04 04:02:08.034085,21.88
2025-08-04 05:02:08.034085,68.91
2025-08-04 06:02:08.034085,76.81
2025-08-04 07:02:08.034085,193.27
2025-08-04 08:02:08.034085,310.89
2025-08-04 09:02:08.034085,417.64
2025-08-04 10:02:08.034085,484.56
2025-08-04 11:02:08.034085,633.95
2025-08-04 12:02:08.034085,869.35
2025-08-04 13:02:08.034085,711.13
2025-08-04 14:02:08.034085,851.38
2025-08-04 15:02:08.034085,623.08
2025-08-04 16:02:08.034085,515.36
2025-08-04 17:02:08.034085,432.56
2025-08-04 18:02:08.034085,264.82
2025-08-04 19:02:08.034085,152.11
2025-08-04 20:02:08.034085,90.9
2025-08-04 21:02:08.034085,44.38
2025-08-04 22:02:08.034085,35.44
2025-08-04 23:02:08.034085,13.36
2025-08-05 00:02:08.034085,0.73
2025-08-05 01:02:08.034085,2.5
2025-08-05 02:02:08.034085,4.95
2025-08-05 03:02:08.034085,11.11
2025-08-05 04:02:08.034085,24.34
2025-08-05 05:02:08.034085,63.53
2025-08-05 06:02:08.034085,89.59
2025-08-05 07:02:08.034085,169.69
2025-08-05 08:02:08.034085,319.89
2025-08-05 09:02:08.034085,477.37
2025-08-05 10:02:08.034085,649.0
2025-08-05 11:02:08.034085,495.38
2025-08-05 12:02:08.034085,870.71
2025-08-05 13:02:08.034085,703.32
2025-08-05 14:02:08.034085,758.17
2025-08-05 15:02:08.034085,619.24
2025-08-05 16:02:08.034085,620.92
2025-08-05 17:02:08.034085,446.49
2025-08-05 18:02:08.034085,345.17
2025-08-05 19:02:08.034085,204.36
2025-08-05 20:02:08.034085,79.53
2025-08-05 21:02:08.034085,66.74
2025-08-05 22:02:08.034085,31.23
2025-08-05 23:02:08.034085,11.36
2025-08-06 00:02:08.034085,0.77
2025-08-06 01:02:08.034085,2.33
2025-08-06 02:02:08.034085,5.14
2025-08-06 03:02:08.034085,11.17
2025-08-06 04:02:08.034085,28.87
2025-08-06 05:02:08.034085,47.4
2025-08-06 06:02:08.034085,81.84
2025-08-06 07:02:08.034085,133.88
2025-08-06 08:02:08.034085,320.06
2025-08-06 09:02:08.034085,299.06
2025-08-06 10:02:08.034085,508.55
2025-08-06 11:02:08.034085,532.86
2025-08-06 12:02:08.034085,710.01
2025-08-06 13:02:08.034085,728.77
2025-08-06 14:02:08.034085,765.24
2025-08-06 15:02:08.034085,567.31
2025-08-06 16:02:08.034085,492.38
2025-08-06 17:02:08.034085,374.84
2025-08-06 18:02:08.034085,212.11
2025-08-06 19:02:08.034085,134.16
2025-08-06 20:02:08.034085,105.43
2025-08-06 21:02:08.034085,51.93
2025-08-06 22:02:08.034085,25.87
2025-08-06 23:02:08.034085,10.69
2025-08-07 00:02:08.034085,0.7
2025-08-07 01:02:08.034085,2.05
2025-08-07 02:02:08.034085,4.91
2025-08-07 03:02:08.034085,11.98
2025-08-07 04:02:08.034085,20.78
2025-08-07 05:02:08.034085,54.56
2025-08-07 06:02:08.034085,118.29
2025-08-07 07:02:08.034085,193.63
2025-08-07 08:02:08.034085,260.97
2025-08-07 09:02:08.034085,274.47
2025-08-07 10:02:08.034085,641.52
2025-08-07 11:02:08.034085,776.36
2025-08-07 12:02:08.034085,595.02
2025-08-07 13:02:08.034085,947.18
2025-08-07 14:02:08.034085,830.33
2025-08-07 15:02:08.034085,617.39
2025-08-07 16:02:08.034085,639.83
2025-08-07 17:02:08.034085,453.94
2025-08-07 18:02:08.034085,251.15
2025-08-07 19:02:08.034085,190.61
2025-08-07 20:02:08.034085,103.37
2025-08-07 21:02:08.034085,65.02
2025-08-07 22:02:08.034085,26.51
2025-08-07 23:02:08.034085,13.75
2025-08-08 00:02:08.034085,0.98
2025-08-08 01:02:08.034085,1.63
2025-08-08 02:02:08.034085,6.17
2025-08-08 03:02:08.034085,11.63
2025-08-08 04:02:08.034085,34.2
2025-08-08 05:02:08.034085,38.31
2025-08-08 06:02:08.034085,84.5
2025-08-08 07:02:08.034085,148.98
2025-08-08 08:02:08.034085,296.09
2025-08-08 09:02:08.034085,404.66
2025-08-08 10:02:08.034085,494.73
2025-08-08 11:02:08.034085,566.85
2025-08-08 12:02:08.034085,726.63
2025-08-08 13:02:08.034085,933.71
2025-08-08 14:02:08.034085,684.31
2025-08-08 15:02:08.034085,614.24
2025-08-08 16:02:08.034085,592.68
2025-08-08 17:02:08.034085,353.73
2025-08-08 18:02:08.034085,254.6
2025-08-08 19:02:08.034085,141.78
2025-08-08 20:02:08.034085,64.8
2025-08-08 21:02:08.034085,52.81
2025-08-08 22:02:08.034085,26.14
2025-08-08 23:02:08.034085,12.69
2025-08-09 00:02:08.034085,0.73
2025-08-09 01:02:08.034085,2.27
2025-08-09 02:02:08.034085,6.33
2025-08-09 03:02:08.034085,10.74
2025-08-09 04:02:08.034085,33.22
2025-08-09 05:02:08.034085,48.74
2025-08-09 06:02:08.034085,114.2
2025-08-09 07:02:08.034085,209.56
2025-08-09 08:02:08.034085,267.76
2025-08-09 09:02:08.034085,495.56
2025-08-09 10:02:08.034085,508.0
2025-08-09 11:02:08.034085,761.14
2025-08-09 12:02:08.034085,823.41
2025-08-09 13:02:08.034085,551.32
2025-08-09 14:02:08.034085,727.72
2025-08-09 15:02:08.034085,750.01
2025-08-09 16:02:08.034085,383.78
2025-08-09 17:02:08.034085,346.67
2025-08-09 18:02:08.034085,348.51
2025-08-09 19:02:08.034085,200.75
2025-08-09 20:02:08.034085,70.25
2025-08-09 21:02:08.034085,49.35
2025-08-09 22:02:08.034085,20.67
2025-08-09 23:02:08.034085,13.29
2025-08-10 00:02:08.034085,0.62
2025-08-10 01:02:08.034085,2.41
2025-08-10 02:02:08.034085,5.68
2025-08-10 03:02:08.034085,8.81
2025-08-10 04:02:08.034085,22.97
2025-08-10 05:02:08.034085,56.93
2025-08-10 06:02:08.034085,98.76
2025-08-10 07:02:08.034085,159.39
2025-08-10 08:02:08.034085,224.51
2025-08-10 09:02:08.034085,398.69
2025-08-10 10:02:08.034085,468.3
2025-08-10 11:02:08.034085,595.72
2025-08-10 12:02:08.034085,822.24
2025-08-10 13:02:08.034085,697.87
2025-08-10 14:02:08.034085,634.35
2025-08-10 15:02:08.034085,635.36
2025-08-10 16:02:08.034085,562.45
2025-08-10 17:02:08.034085,427.41
2025-08-10 18:02:08.034085,288.59
2025-08-10 19:02:08.034085,159.36
2025-08-10 20:02:08.034085,100.37
2025-08-10 21:02:08.034085,53.46
2025-08-10 22:02:08.034085,29.94
2025-08-10 23:02:08.034085,11.49
2025-08-11 00:02:08.034085,0.69
2025-08-11 01:02:08.034085,1.63
2025-08-11 02:02:08.034085,6.02
2025-08-11 03:02:08.034085,8.33
2025-08-11 04:02:08.034085,30.54
2025-08-11 05:02:08.034085,45.17
2025-08-11 06:02:08.034085,75.88
2025-08-11 07:02:08.034085,152.99
2025-08-11 08:02:08.034085,314.44
2025-08-11 09:02:08.034085,396.08
2025-08-11 10:02:08.034085,620.94
2025-08-11 11:02:08.034085,622.64
2025-08-11 12:02:08.034085,704.31
2025-08-11 13:02:08.034085,718.08
2025-08-11 14:02:08.034085,815.98
2025-08-11 15:02:08.034085,673.7
2025-08-11 16:02:08.034085,611.4
2025-08-11 17:02:08.034085,357.49
2025-08-11 18:02:08.034085,259.86
2025-08-11 19:02:08.034085,154.13
2025-08-11 20:02:08.034085,108.96
2025-08-11 21:02:08.034085,48.67
2025-08-11 22:02:08.034085,27.93
2025-08-11 23:02:08.034085,11.1
2025-08-12 00:02:08.034085,0.7
2025-08-12 01:02:08.034085,1.82
2025-08-12 02:02:08.034085,5.81
2025-08-12 03:02:08.034085,10.15
2025-08-12 04:02:08.034085,28.71
2025-08-12 05:02:08.034085,65.05
2025-08-12 06:02:08.034085,82.64
2025-08-12 07:02:08.034085,163.02
2025-08-12 08:02:08.034085,275.04
2025-08-12 09:02:08.034085,471.86
2025-08-12 10:02:08.034085,605.23
2025-08-12 11:02:08.034085,594.83
2025-08-12 12:02:08.034085,712.4
2025-08-12 13:02:08.034085,848.63
2025-08-12 14:02:08.034085,753.44
2025-08-12 15:02:08.034085,564.46
2025-08-12 16:02:08.034085,527.03
2025-08-12 17:02:08.034085,423.88
2025-08-12 18:02:08.034085,257.1
2025-08-12 19:02:08.034085,162.58
2025-08-12 20:02:08.034085,112.91
2025-08-12 21:02:08.034085,65.15
2025-08-12 22:02:08.034085,32.08
2025-08-12 23:02:08.034085,12.19
2025-08-13 00:02:08.034085,0.55
2025-08-13 01:02:08.034085,1.89
2025-08-13 02:02:08.034085,5.25
2025-08-13 03:02:08.034085,15.81
2025-08-13 04:02:08.034085,26.1
2025-08-13 05:02:08.034085,44.98
2025-08-13 06:02:08.034085,99.78
2025-08-13 07:02:08.034085,179.55
2025-08-13 08:02:08.034085,248.11
2025-08-13 09:02:08.034085,503.21
2025-08-13 10:02:08.034085,540.89
2025-08-13 11:02:08.034085,563.15
2025-08-13 12:02:08.034085,644.11
2025-08-13 13:02:08.034085,775.09
2025-08-13 14:02:08.034085,704.6
2025-08-13 15:02:08.034085,636.31
2025-08-13 16:02:08.034085,557.2
2025-08-13 17:02:08.034085,360.59
2025-08-13 18:02:08.034085,321.86
2025-08-13 19:02:08.034085,174.58
2025-08-13 20:02:08.034085,77.07
2025-08-13 21:02:08.034085,60.66
2025-08-13 22:02:08.034085,25.19
2025-08-13 23:02:08.034085,8.93
2025-08-14 00:02:08.034085,0.73
2025-08-14 01:02:08.034085,2.28
2025-08-14 02:02:08.034085,6.02
2025-08-14 03:02:08.034085,13.95
2025-08-14 04:02:08.034085,23.07
2025-08-14 05:02:08.034085,56.92
2025-08-14 06:02:08.034085,99.12
2025-08-14 07:02:08.034085,167.75
2025-08-14 08:02:08.034085,298.17
2025-08-14 09:02:08.034085,373.66
2025-08-14 10:02:08.034085,575.82
2025-08-14 11:02:08.034085,437.82
2025-08-14 12:02:08.034085,803.1
2025-08-14 13:02:08.034085,743.4
2025-08-14 14:02:08.034085,829.94
2025-08-14 15:02:08.034085,643.94
2025-08-14 16:02:08.034085,594.83
2025-08-14 17:02:08.034085,455.11
2025-08-14 18:02:08.034085,187.24
2025-08-14 19:02:08.034085,174.79
2025-08-14 20:02:08.034085,112.42
2025-08-14 21:02:08.034085,60.58
2025-08-14 22:02:08.034085,29.23
2025-08-14 23:02:08.034085,12.22
2025-08-15 00:02:08.034085,0.81
2025-08-15 01:02:08.034085,1.98
2025-08-15 02:02:08.034085,5.06
2025-08-15 03:02:08.034085,12.39
2025-08-15 04:02:08.034085,22.08
2025-08-15 05:02:08.034085,66.62
2025-08-15 06:02:08.034085,113.88
2025-08-15 07:02:08.034085,199.02
2025-08-15 08:02:08.034085,195.93
2025-08-15 09:02:08.034085,342.25
2025-08-15 10:02:08.034085,624.92
2025-08-15 11:02:08.034085,742.07
2025-08-15 12:02:08.034085,629.88
2025-08-15 13:02:08.034085,641.32
2025-08-15 14:02:08.034085,463.96
2025-08-15 15:02:08.034085,821.23
2025-08-15 16:02:08.034085,552.18
2025-08-15 17:02:08.034085,419.56
2025-08-15 18:02:08.034085,275.99
2025-08-15 19:02:08.034085,155.23
2025-08-15 20:02:08.034085,92.12
2025-08-15 21:02:08.034085,65.71
2025-08-15 22:02:08.034085,30.24
2025-08-15 23:02:08.034085,12.34
2025-08-16 00:02:08.034085,0.58
2025-08-16 01:02:08.034085,1.08
2025-08-16 02:02:08.034085,5.3
2025-08-16 03:02:08.034085,12.18
2025-08-16 04:02:08.034085,17.44
2025-08-16 05:02:08.034085,44.78
2025-08-16 06:02:08.034085,86.73
2025-08-16 07:02:08.034085,160.39
2025-08-16 08:02:08.034085,279.22
2025-08-16 09:02:08.034085,335.86
2025-08-16 10:02:08.034085,575.12
2025-08-16 11:02:08.034085,705.2
2025-08-16 12:02:08.034085,807.32
2025-08-16 13:02:08.034085,835.22
2025-08-16 14:02:08.034085,700.68
2025-08-16 15:02:08.034085,673.61
2025-08-16 16:02:08.034085,461.43
2025-08-16 17:02:08.034085,503.21
2025-08-16 18:02:08.034085,218.44
2025-08-16 19:02:08.034085,196.71
2025-08-16 20:02:08.034085,117.67
2025-08-16 21:02:08.034085,45.68
2025-08-16 22:02:08.034085,28.82
2025-08-16 23:02:08.034085,14.24
2025-08-17 00:02:08.034085,0.87
2025-08-17 01:02:08.034085,1.95
2025-08-17 02:02:08.034085,5.35
2025-08-17 03:02:08.034085,13.15
2025-08-17 04:02:08.034085,25.72
2025-08-17 05:02:08.034085,46.56
2025-08-17 06:02:08.034085,103.53
2025-08-17 07:02:08.034085,154.22
2025-08-17 08:02:08.034085,228.91
2025-08-17 09:02:08.034085,333.8
2025-08-17 10:02:08.034085,493.99
2025-08-17 11:02:08.034085,509.86
2025-08-17 12:02:08.034085,826.26
2025-08-17 13:02:08.034085,684.1
2025-08-17 14:02:08.034085,795.42
2025-08-17 15:02:08.034085,752.27
2025-08-17 16:02:08.034085,447.24
2025-08-17 17:02:08.034085,479.98
2025-08-17 18:02:08.034085,296.56
2025-08-17 19:02:08.034085,124.19
2025-08-17 20:02:08.034085,81.25
2025-08-17 21:02:08.034085,52.4
2025-08-17 22:02:08.034085,29.63
2025-08-17 23:02:08.034085,13.44
2025-08-18 00:02:08.034085,0.5
2025-08-18 01:02:08.034085,2.27
2025-08-18 02:02:08.034085,2.54
2025-08-18 03:02:08.034085,10.49
2025-08-18 04:02:08.034085,23.88
2025-08-18 05:02:08.034085,52.79
2025-08-18 06:02:08.034085,112.55
2025-08-18 07:02:08.034085,179.35
2025-08-18 08:02:08.034085,329.77
2025-08-18 09:02:08.034085,346.72
2025-08-18 10:02:08.034085,517.2
2025-08-18 11:02:08.034085,757.66
2025-08-18 12:02:08.034085,677.07
2025-08-18 13:02:08.034085,539.58
2025-08-18 14:02:08.034085,749.89
2025-08-18 15:02:08.034085,631.66
2025-08-18 16:02:08.034085,602.66
2025-08-18 17:02:08.034085,189.19
2025-08-18 18:02:08.034085,303.45
2025-08-18 19:02:08.034085,216.07
2025-08-18 20:02:08.034085,92.05
2025-08-18 21:02:08.034085,58.78
2025-08-18 22:02:08.034085,27.48
2025-08-18 23:02:08.034085,10.9
2025-08-19 00:02:08.034085,0.78
2025-08-19 01:02:08.034085,2.14
2025-08-19 02:02:08.034085,5.56
2025-08-19 03:02:08.034085,11.26
2025-08-19 04:02:08.034085,30.36
2025-08-19 05:02:08.034085,48.92
2025-08-19 06:02:08.034085,110.38
2025-08-19 07:02:08.034085,144.58
2025-08-19 08:02:08.034085,290.28
2025-08-19 09:02:08.034085,285.31
2025-08-19 10:02:08.034085,605.33
2025-08-19 11:02:08.034085,597.19
2025-08-19 12:02:08.034085,610.09
2025-08-19 13:02:08.034085,801.02
2025-08-19 14:02:08.034085,787.84
2025-08-19 15:02:08.034085,649.94
2025-08-19 16:02:08.034085,465.64
2025-08-19 17:02:08.034085,376.54
2025-08-19 18:02:08.034085,202.74
2025-08-19 19:02:08.034085,141.02
2025-08-19 20:02:08.034085,122.98
2025-08-19 21:02:08.034085,46.51
2025-08-19 22:02:08.034085,30.51
2025-08-19 23:02:08.034085,13.34
2025-08-20 00:02:08.034085,0.79
2025-08-20 01:02:08.034085,2.13
2025-08-20 02:02:08.034085,5.85
2025-08-20 03:02:08.034085,11.17
2025-08-20 04:02:08.034085,34.65
2025-08-20 05:02:08.034085,53.59
2025-08-20 06:02:08.034085,88.31
2025-08-20 07:02:08.034085,174.21
2025-08-20 08:02:08.034085,287.98
2025-08-20 09:02:08.034085,415.84
2025-08-20 10:02:08.034085,596.27
2025-08-20 11:02:08.034085,720.76
2025-08-20 12:02:08.034085,650.05
2025-08-20 13:02:08.034085,555.82
2025-08-20 14:02:08.034085,616.5
2025-08-20 15:02:08.034085,555.3
2025-08-20 16:02:08.034085,583.78
2025-08-20 17:02:08.034085,415.78
2025-08-20 18:02:08.034085,239.16
2025-08-20 19:02:08.034085,169.79
2025-08-20 20:02:08.034085,105.95
2025-08-20 21:02:08.034085,50.94
2025-08-20 22:02:08.034085,29.34
2025-08-20 23:02:08.034085,13.47
2025-08-21 00:02:08.034085,0.7
2025-08-21 01:02:08.034085,1.97
2025-08-21 02:02:08.034085,5.6
2025-08-21 03:02:08.034085,12.43
2025-08-21 04:02:08.034085,22.61
2025-08-21 05:02:08.034085,63.21
2025-08-21 06:02:08.034085,97.18
2025-08-21 07:02:08.034085,187.69
2025-08-21 08:02:08.034085,276.4
2025-08-21 09:02:08.034085,398.72
2025-08-21 10:02:08.034085,445.36
2025-08-21 11:02:08.034085,593.23
2025-08-21 12:02:08.034085,680.05
2025-08-21 13:02:08.034085,852.84
2025-08-21 14:02:08.034085,827.12
2025-08-21 15:02:08.034085,561.38
2025-08-21 16:02:08.034085,657.69
2025-08-21 17:02:08.034085,308.24
2025-08-21 18:02:08.034085,226.89
2025-08-21 19:02:08.034085,183.34
2025-08-21 20:02:08.034085,105.98
2025-08-21 21:02:08.034085,59.63
2025-08-21 22:02:08.034085,25.47
2025-08-21 23:02:08.034085,8.09
2025-08-22 00:02:08.034085,0.59
2025-08-22 01:02:08.034085,1.93
2025-08-22 02:02:08.034085,6.05
2025-08-22 03:02:08.034085,13.57
2025-08-22 04:02:08.034085,25.12
2025-08-22 05:02:08.034085,58.23
2025-08-22 06:02:08.034085,111.67
2025-08-22 07:02:08.034085,151.43
2025-08-22 08:02:08.034085,238.42
2025-08-22 09:02:08.034085,443.85
2025-08-22 10:02:08.034085,326.05
2025-08-22 11:02:08.034085,560.26
2025-08-22 12:02:08.034085,710.41
2025-08-22 13:02:08.034085,548.07
2025-08-22 14:02:08.034085,792.83
2025-08-22 15:02:08.034085,664.18
2025-08-22 16:02:08.034085,549.96
2025-08-22 17:02:08.034085,358.98
2025-08-22 18:02:08.034085,195.82
2025-08-22 19:02:08.034085,157.34
2025-08-22 20:02:08.034085,109.81
2025-08-22 21:02:08.034085,52.13
2025-08-22 22:02:08.034085,26.59
2025-08-22 23:02:08.034085,15.05
2025-08-23 00:02:08.034085,0.7
2025-08-23 01:02:08.034085,2.44
2025-08-23 02:02:08.034085,5.79
2025-08-23 03:02:08.034085,12.71
2025-08-23 04:02:08.034085,31.66
2025-08-23 05:02:08.034085,49.27
2025-08-23 06:02:08.034085,113.54
2025-08-23 07:02:08.034085,185.35
2025-08-23 08:02:08.034085,217.66
2025-08-23 09:02:08.034085,503.21
2025-08-23 10:02:08.034085,533.11
2025-08-23 11:02:08.034085,549.94
2025-08-23 12:02:08.034085,793.55
2025-08-23 13:02:08.034085,802.17
2025-08-23 14:02:08.034085,724.47
2025-08-23 15:02:08.034085,689.49
2025-08-23 16:02:08.034085,538.24
2025-08-23 17:02:08.034085,381.09
2025-08-23 18:02:08.034085,212.98
2025-08-23 19:02:08.034085,134.57
2025-08-23 20:02:08.034085,103.03
2025-08-23 21:02:08.034085,51.81
2025-08-23 22:02:08.034085,18.43
2025-08-23 23:02:08.034085,13.34
2025-08-24 00:02:08.034085,0.71
2025-08-24 01:02:08.034085,1.93
2025-08-24 02:02:08.034085,5.3
2025-08-24 03:02:08.034085,16.32
2025-08-24 04:02:08.034085,28.01
2025-08-24 05:02:08.034085,45.64
2025-08-24 06:02:08.034085,93.59
2025-08-24 07:02:08.034085,168.47
2025-08-24 08:02:08.034085,348.22
2025-08-24 09:02:08.034085,395.73
2025-08-24 10:02:08.034085,574.28
2025-08-24 11:02:08.034085,639.09
2025-08-24 12:02:08.034085,727.88
2025-08-24 13:02:08.034085,791.36
2025-08-24 14:02:08.034085,655.95
2025-08-24 15:02:08.034085,588.84
2025-08-24 16:02:08.034085,522.39
2025-08-24 17:02:08.034085,378.64
2025-08-24 18:02:08.034085,304.27
2025-08-24 19:02:08.034085,128.09
2025-08-24 20:02:08.034085,87.56
2025-08-24 21:02:08.034085,58.66
2025-08-24 22:02:08.034085,24.13
2025-08-24 23:02:08.034085,13.35
2025-08-25 00:02:08.034085,0.83
2025-08-25 01:02:08.034085,2.22
2025-08-25 02:02:08.034085,5.87
2025-08-25 03:02:08.034085,11.28
2025-08-25 04:02:08.034085,25.25
2025-08-25 05:02:08.034085,41.69
2025-08-25 06:02:08.034085,119.37
2025-08-25 07:02:08.034085,136.87
2025-08-25 08:02:08.034085,299.2
2025-08-25 09:02:08.034085,419.49
2025-08-25 10:02:08.034085,608.39
2025-08-25 11:02:08.034085,683.84
2025-08-25 12:02:08.034085,794.54
2025-08-25 13:02:08.034085,908.3
2025-08-25 14:02:08.034085,681.71
2025-08-25 15:02:08.034085,821.23
2025-08-25 16:02:08.034085,535.32
2025-08-25 17:02:08.034085,367.76
2025-08-25 18:02:08.034085,240.71
2025-08-25 19:02:08.034085,190.7
2025-08-25 20:02:08.034085,87.65
2025-08-25 21:02:08.034085,47.24
2025-08-25 22:02:08.034085,27.56
2025-08-25 23:02:08.034085,14.8
2025-08-26 00:02:08.034085,0.68
2025-08-26 01:02:08.034085,2.09
2025-08-26 02:02:08.034085,5.45
2025-08-26 03:02:08.034085,13.48
2025-08-26 04:02:08.034085,20.35
2025-08-26 05:02:08.034085,45.49
2025-08-26 06:02:08.034085,105.92
2025-08-26 07:02:08.034085,190.47
2025-08-26 08:02:08.034085,233.09
2025-08-26 09:02:08.034085,355.65
2025-08-26 10:02:08.034085,606.81
2025-08-26 11:02:08.034085,545.59
2025-08-26 12:02:08.034085,712.02
2025-08-26 13:02:08.034085,786.93
2025-08-26 14:02:08.034085,898.52
2025-08-26 15:02:08.034085,753.89
2025-08-26 16:02:08.034085,511.02
2025-08-26 17:02:08.034085,415.8
2025-08-26 18:02:08.034085,274.93
2025-08-26 19:02:08.034085,155.21
2025-08-26 20:02:08.034085,130.85
2025-08-26 21:02:08.034085,54.2
2025-08-26 22:02:08.034085,26.12
2025-08-26 23:02:08.034085,12.72
2025-08-27 00:02:08.034085,0.74
2025-08-27 01:02:08.034085,2.36
2025-08-27 02:02:08.034085,3.44
2025-08-27 03:02:08.034085,14.95
2025-08-27 04:02:08.034085,32.33
2025-08-27 05:02:08.034085,60.12
2025-08-27 06:02:08.034085,84.42
2025-08-27 07:02:08.034085,156.35
2025-08-27 08:02:08.034085,284.41
2025-08-27 09:02:08.034085,390.93
2025-08-27 10:02:08.034085,464.0
2025-08-27 11:02:08.034085,547.63
2025-08-27 12:02:08.034085,749.06
2025-08-27 13:02:08.034085,942.19
2025-08-27 14:02:08.034085,734.54
2025-08-27 15:02:08.034085,729.6
2025-08-27 16:02:08.034085,471.44
2025-08-27 17:02:08.034085,299.76
2025-08-27 18:02:08.034085,269.68
2025-08-27 19:02:08.034085,210.53
2025-08-27 20:02:08.034085,94.82
2025-08-27 21:02:08.034085,57.73
2025-08-27 22:02:08.034085,29.79
2025-08-27 23:02:08.034085,12.67
2025-08-28 00:02:08.034085,0.81
2025-08-28 01:02:08.034085,2.12
2025-08-28 02:02:08.034085,4.89
2025-08-28 03:02:08.034085,13.7
2025-08-28 04:02:08.034085,29.46
2025-08-28 05:02:08.034085,55.87
2025-08-28 06:02:08.034085,69.74
2025-08-28 07:02:08.034085,179.51
2025-08-28 08:02:08.034085,307.51
2025-08-28 09:02:08.034085,372.36
2025-08-28 10:02:08.034085,423.3
2025-08-28 11:02:08.034085,580.96
2025-08-28 12:02:08.034085,595.41
2025-08-28 13:02:08.034085,775.6
2025-08-28 14:02:08.034085,676.11
2025-08-28 15:02:08.034085,554.93
2025-08-28 16:02:08.034085,486.83
2025-08-28 17:02:08.034085,395.16
2025-08-28 18:02:08.034085,307.63
2025-08-28 19:02:08.034085,164.75
2025-08-28 20:02:08.034085,84.24
2025-08-28 21:02:08.034085,63.13
2025-08-28 22:02:08.034085,27.48
2025-08-28 23:02:08.034085,11.81
2025-08-29 00:02:08.034085,0.81
2025-08-29 01:02:08.034085,2.08
2025-08-29 02:02:08.034085,5.66
2025-08-29 03:02:08.034085,12.11
2025-08-29 04:02:08.034085,33.84
2025-08-29 05:02:08.034085,58.77
2025-08-29 06:02:08.034085,102.6
2025-08-29 07:02:08.034085,178.65
2025-08-29 08:02:08.034085,290.93
2025-08-29 09:02:08.034085,309.04
2025-08-29 10:02:08.034085,515.48
2025-08-29 11:02:08.034085,572.51
2025-08-29 12:02:08.034085,800.67
2025-08-29 13:02:08.034085,789.63
2025-08-29 14:02:08.034085,754.89
2025-08-29 15:02:08.034085,574.36
2025-08-29 16:02:08.034085,362.78
2025-08-29 17:02:08.034085,293.85
2025-08-29 18:02:08.034085,279.7
2025-08-29 19:02:08.034085,200.57
2025-08-29 20:02:08.034085,76.74
2025-08-29 21:02:08.034085,58.47
2025-08-29 22:02:08.034085,29.17
2025-08-29 23:02:08.034085,12.98
2025-08-30 00:02:08.034085,0.71
2025-08-30 01:02:08.034085,2.07
2025-08-30 02:02:08.034085,4.11
2025-08-30 03:02:08.034085,14.73
2025-08-30 04:02:08.034085,28.92
2025-08-30 05:02:08.034085,60.65
2025-08-30 06:02:08.034085,98.71
2025-08-30 07:02:08.034085,211.93
2025-08-30 08:02:08.034085,227.45
2025-08-30 09:02:08.034085,352.47
2025-08-30 10:02:08.034085,372.88
2025-08-30 11:02:08.034085,571.55
2025-08-30 12:02:08.034085,601.35
2025-08-30 13:02:08.034085,853.18
2025-08-30 14:02:08.034085,865.38
2025-08-30 15:02:08.034085,543.46
2025-08-30 16:02:08.034085,400.48
2025-08-30 17:02:08.034085,418.05
2025-08-30 18:02:08.034085,209.74
2025-08-30 19:02:08.034085,180.83
2025-08-30 20:02:08.034085,99.39
2025-08-30 21:02:08.034085,51.8
2025-08-30 22:02:08.034085,29.11
2025-08-30 23:02:08.034085,16.32
2025-08-31 00:02:08.034085,0.79
2025-08-31 01:02:08.034085,2.17
2025-08-31 02:02:08.034085,5.12
2025-08-31 03:02:08.034085,13.51
2025-08-31 04:02:08.034085,35.42
2025-08-31 05:02:08.034085,57.45
2025-08-31 06:02:08.034085,107.58
2025-08-31 07:02:08.034085,142.53
2025-08-31 08:02:08.034085,232.33
2025-08-31 09:02:08.034085,409.95
2025-08-31 10:02:08.034085,599.58
2025-08-31 11:02:08.034085,821.23
2025-08-31 12:02:08.034085,721.14
2025-08-31 13:02:08.034085,707.72
2025-08-31 14:02:08.034085,622.51
2025-08-31 15:02:08.034085,673.84
2025-08-31 16:02:08.034085,526.75
2025-08-31 17:02:08.034085,449.97
2025-08-31 18:02:08.034085,226.19
2025-08-31 19:02:08.034085,194.1
2025-08-31 20:02:08.034085,93.38
2025-08-31 21:02:08.034085,49.13
2025-08-31 22:02:08.034085,27.07
2025-08-31 23:02:08.034085,10.06
2025-09-01 00:02:08.034085,0.61
2025-09-01 01:02:08.034085,1.62
2025-09-01 02:02:08.034085,4.82
2025-09-01 03:02:08.034085,13.34
2025-09-01 04:02:08.034085,30.38
2025-09-01 05:02:08.034085,44.63
2025-09-01 06:02:08.034085,81.3
2025-09-01 07:02:08.034085,130.76
2025-09-01 08:02:08.034085,264.96
2025-09-01 09:02:08.034085,297.23
2025-09-01 10:02:08.034085,381.17
2025-09-01 11:02:08.034085,543.13
2025-09-01 12:02:08.034085,560.9
2025-09-01 13:02:08.034085,644.11
2025-09-01 14:02:08.034085,740.22
2025-09-01 15:02:08.034085,593.37
2025-09-01 16:02:08.034085,562.75
2025-09-01 17:02:08.034085,385.0
2025-09-01 18:02:08.034085,226.19
2025-09-01 19:02:08.034085,148.49
2025-09-01 20:02:08.034085,107.11
2025-09-01 21:02:08.034085,49.13
2025-09-01 22:02:08.034085,22.92
2025-09-01 23:02:08.034085,9.5
2025-09-02 00:02:08.034085,0.5
2025-09-02 01:02:08.034085,1.42
2025-09-02 02:02:08.034085,4.87
2025-09-02 03:02:08.034085,8.91
2025-09-02 04:02:08.034085,25.36
2025-09-02 05:02:08.034085,46.66
2025-09-02 06:02:08.034085,100.74
2025-09-02 07:02:08.034085,177.82
2025-09-02 08:02:08.034085,217.1
2025-09-02 09:02:08.034085,319.96
2025-09-02 10:02:08.034085,397.91
2025-09-02 11:02:08.034085,544.32
2025-09-02 12:02:08.034085,478.89
2025-09-02 13:02:08.034085,620.4
2025-09-02 14:02:08.034085,497.46
2025-09-02 15:02:08.034085,573.05
2025-09-02 16:02:08.034085,496.06
2025-09-02 17:02:08.034085,281.64
2025-09-02 18:02:08.034085,227.06
2025-09-02 19:02:08.034085,121.07
2025-09-02 20:02:08.034085,98.0
2025-09-02 21:02:08.034085,47.27
2025-09-02 22:02:08.034085,18.79
2025-09-02 23:02:08.034085,7.97
2025-09-03 00:02:08.034085,0.64
2025-09-03 01:02:08.034085,2.04
2025-09-03 02:02:08.034085,4.78
2025-09-03 03:02:08.034085,9.0
2025-09-03 04:02:08.034085,24.11
2025-09-03 05:02:08.034085,39.01
2025-09-03 06:02:08.034085,86.94
2025-09-03 07:02:08.034085,131.23
2025-09-03 08:02:08.034085,231.45
2025-09-03 09:02:08.034085,268.65
2025-09-03 10:02:08.034085,533.22
2025-09-03 11:02:08.034085,699.0
2025-09-03 12:02:08.034085,777.81
2025-09-03 13:02:08.034085,565.76
2025-09-03 14:02:08.034085,790.51
2025-09-03 15:02:08.034085,498.5
2025-09-03 16:02:08.034085,528.82
2025-09-03 17:02:08.034085,338.25
2025-09-03 18:02:08.034085,225.61
2025-09-03 19:02:08.034085,137.9
2025-09-03 20:02:08.034085,80.65
2025-09-03 21:02:08.034085,47.64
2025-09-03 22:02:08.034085,21.21
2025-09-03 23:02:08.034085,12.05
2025-09-04 00:02:08.034085,0.55
2025-09-04 01:02:08.034085,1.81
2025-09-04 02:02:08.034085,4.62
2025-09-04 03:02:08.034085,11.11
2025-09-04 04:02:08.034085,20.69
2025-09-04 05:02:08.034085,51.79
2025-09-04 06:02:08.034085,95.38
2025-09-04 07:02:08.034085,156.07
2025-09-04 08:02:08.034085,169.2
2025-09-04 09:02:08.034085,347.83
2025-09-04 10:02:08.034085,378.61
2025-09-04 11:02:08.034085,478.53
2025-09-04 12:02:08.034085,544.05
2025-09-04 13:02:08.034085,733.29
2025-09-04 14:02:08.034085,735.69
2025-09-04 15:02:08.034085,505.65
2025-09-04 16:02:08.034085,377.07
2025-09-04 17:02:08.034085,252.83
2025-09-04 18:02:08.034085,224.77
2025-09-04 19:02:08.034085,159.32
2025-09-04 20:02:08.034085,91.0
2025-09-04 21:02:08.034085,48.57
2025-09-04 22:02:08.034085,25.2
2025-09-04 23:02:08.034085,9.28
2025-09-05 00:02:08.034085,0.61
2025-09-05 01:02:08.034085,1.7
2025-09-05 02:02:08.034085,5.01
2025-09-05 03:02:08.034085,9.76
2025-09-05 04:02:08.034085,22.98
2025-09-05 05:02:08.034085,57.19
2025-09-05 06:02:08.034085,75.85
2025-09-05 07:02:08.034085,135.36
2025-09-05 08:02:08.034085,222.29
2025-09-05 09:02:08.034085,310.06
2025-09-05 10:02:08.034085,440.89
2025-09-05 11:02:08.034085,405.06
2025-09-05 12:02:08.034085,561.26
2025-09-05 13:02:08.034085,653.15
2025-09-05 14:02:08.034085,697.29
2025-09-05 15:02:08.034085,521.17
2025-09-05 16:02:08.034085,458.28
2025-09-05 17:02:08.034085,322.24
2025-09-05 18:02:08.034085,202.83
2025-09-05 19:02:08.034085,172.82
2025-09-05 20:02:08.034085,80.26
2025-09-05 21:02:08.034085,49.45
2025-09-05 22:02:08.034085,20.5
2025-09-05 23:02:08.034085,10.26
2025-09-06 00:02:08.034085,0.46
2025-09-06 01:02:08.034085,2.32
2025-09-06 02:02:08.034085,4.41
2025-09-06 03:02:08.034085,12.4
2025-09-06 04:02:08.034085,21.33
2025-09-06 05:02:08.034085,55.15
2025-09-06 06:02:08.034085,68.74
2025-09-06 07:02:08.034085,148.54
2025-09-06 08:02:08.034085,178.31
2025-09-06 09:02:08.034085,389.53
2025-09-06 10:02:08.034085,481.63
2025-09-06 11:02:08.034085,703.91
2025-09-06 12:02:08.034085,570.22
2025-09-06 13:02:08.034085,546.92
2025-09-06 14:02:08.034085,682.79
2025-09-06 15:02:08.034085,442.47
2025-09-06 16:02:08.034085,413.85
2025-09-06 17:02:08.034085,305.93
2025-09-06 18:02:08.034085,194.04
2025-09-06 19:02:08.034085,138.34
2025-09-06 20:02:08.034085,104.4
2025-09-06 21:02:08.034085,49.28
2025-09-06 22:02:08.034085,22.55
2025-09-06 23:02:08.034085,13.47
2025-09-07 00:02:08.034085,0.48
2025-09-07 01:02:08.034085,2.22
2025-09-07 02:02:08.034085,4.07
2025-09-07 03:02:08.034085,11.65
2025-09-07 04:02:08.034085,20.7
2025-09-07 05:02:08.034085,51.89
2025-09-07 06:02:08.034085,72.96
2025-09-07 07:02:08.034085,125.88
2025-09-07 08:02:08.034085,214.23
2025-09-07 09:02:08.034085,314.09
2025-09-07 10:02:08.034085,515.21
2025-09-07 11:02:08.034085,573.74
2025-09-07 12:02:08.034085,434.4
2025-09-07 13:02:08.034085,632.43
2025-09-07 14:02:08.034085,673.17
2025-09-07 15:02:08.034085,312.4
2025-09-07 16:02:08.034085,511.07
2025-09-07 17:02:08.034085,249.38
2025-09-07 18:02:08.034085,205.59
2025-09-07 19:02:08.034085,143.75
2025-09-07 20:02:08.034085,87.2
2025-09-07 21:02:08.034085,51.31
2025-09-07 22:02:08.034085,21.04
2025-09-07 23:02:08.034085,10.1
2025-09-08 00:02:08.034085,0.7
2025-09-08 01:02:08.034085,1.68
2025-09-08 02:02:08.034085,3.47
2025-09-08 03:02:08.034085,9.99
2025-09-08 04:02:08.034085,25.41
2025-09-08 05:02:08.034085,44.16
2025-09-08 06:02:08.034085,91.08
2025-09-08 07:02:08.034085,131.55
2025-09-08 08:02:08.034085,278.72
2025-09-08 09:02:08.034085,376.41
2025-09-08 10:02:08.034085,470.28
2025-09-08 11:02:08.034085,567.47
2025-09-08 12:02:08.034085,658.97
2025-09-08 13:02:08.034085,482.44
2025-09-08 14:02:08.034085,534.22
2025-09-08 15:02:08.034085,537.77
2025-09-08 16:02:08.034085,437.45
2025-09-08 17:02:08.034085,327.86
2025-09-08 18:02:08.034085,285.98
2025-09-08 19:02:08.034085,190.67
2025-09-08 20:02:08.034085,92.47
2025-09-08 21:02:08.034085,47.04
2025-09-08 22:02:08.034085,30.38
2025-09-08 23:02:08.034085,10.14
2025-09-09 00:02:08.034085,0.61
2025-09-09 01:02:08.034085,2.09
2025-09-09 02:02:08.034085,5.02
2025-09-09 03:02:08.034085,9.04
2025-09-09 04:02:08.034085,19.02
2025-09-09 05:02:08.034085,59.45
2025-09-09 06:02:08.034085,112.16
2025-09-09 07:02:08.034085,138.22
2025-09-09 08:02:08.034085,296.38
2025-09-09 09:02:08.034085,288.18
2025-09-09 10:02:08.034085,427.55
2025-09-09 11:02:08.034085,564.54
2025-09-09 12:02:08.034085,715.05
2025-09-09 13:02:08.034085,709.72
2025-09-09 14:02:08.034085,481.94
2025-09-09 15:02:08.034085,536.16
2025-09-09 16:02:08.034085,402.73
2025-09-09 17:02:08.034085,217.91
2025-09-09 18:02:08.034085,222.34
2025-09-09 19:02:08.034085,128.13
2025-09-09 20:02:08.034085,93.58
2025-09-09 21:02:08.034085,44.96
2025-09-09 22:02:08.034085,18.26
2025-09-09 23:02:08.034085,9.84
2025-09-10 00:02:08.034085,0.58
2025-09-10 01:02:08.034085,1.73
2025-09-10 02:02:08.034085,5.36
2025-09-10 03:02:08.034085,11.25
2025-09-10 04:02:08.034085,27.88
2025-09-10 05:02:08.034085,44.57
2025-09-10 06:02:08.034085,101.07
2025-09-10 07:02:08.034085,93.25
2025-09-10 08:02:08.034085,207.39
2025-09-10 09:02:08.034085,286.29
2025-09-10 10:02:08.034085,476.72
2025-09-10 11:02:08.034085,534.15
2025-09-10 12:02:08.034085,456.0
2025-09-10 13:02:08.034085,486.03
2025-09-10 14:02:08.034085,510.87
2025-09-10 15:02:08.034085,504.49
2025-09-10 16:02:08.034085,530.28
2025-09-10 17:02:08.034085,353.06
2025-09-10 18:02:08.034085,271.29
2025-09-10 19:02:08.034085,169.11
2025-09-10 20:02:08.034085,80.17
2025-09-10 21:02:08.034085,47.24
2025-09-10 22:02:08.034085,23.0
2025-09-10 23:02:08.034085,9.81
2025-09-11 00:02:08.034085,0.6
2025-09-11 01:02:08.034085,1.44
2025-09-11 02:02:08.034085,4.85
2025-09-11 03:02:08.034085,9.1
2025-09-11 04:02:08.034085,25.33
2025-09-11 05:02:08.034085,49.15
2025-09-11 06:02:08.034085,89.56
2025-09-11 07:02:08.034085,172.15
2025-09-11 08:02:08.034085,185.55
2025-09-11 09:02:08.034085,409.03
2025-09-11 10:02:08.034085,476.05
2025-09-11 11:02:08.034085,552.46
2025-09-11 12:02:08.034085,562.67
2025-09-11 13:02:08.034085,675.14
2025-09-11 14:02:08.034085,555.65
2025-09-11 15:02:08.034085,308.24
2025-09-11 16:02:08.034085,461.06
2025-09-11 17:02:08.034085,293.41
2025-09-11 18:02:08.034085,220.26
2025-09-11 19:02:08.034085,117.27
2025-09-11 20:02:08.034085,82.39
2025-09-11 21:02:08.034085,47.61
2025-09-11 22:02:08.034085,22.08
2025-09-11 23:02:08.034085,9.29
2025-09-12 00:02:08.034085,0.59
2025-09-12 01:02:08.034085,1.99
2025-09-12 02:02:08.034085,5.2
2025-09-12 03:02:08.034085,13.84
2025-09-12 04:02:08.034085,21.52
2025-09-12 05:02:08.034085,53.85
2025-09-12 06:02:08.034085,77.23
2025-09-12 07:02:08.034085,131.67
2025-09-12 08:02:08.034085,192.62
2025-09-12 09:02:08.034085,347.6
2025-09-12 10:02:08.034085,454.91
2025-09-12 11:02:08.034085,527.53
2025-09-12 12:02:08.034085,630.35
2025-09-12 13:02:08.034085,718.78
2025-09-12 14:02:08.034085,706.77
2025-09-12 15:02:08.034085,703.91
2025-09-12 16:02:08.034085,307.62
2025-09-12 17:02:08.034085,362.26
2025-09-12 18:02:08.034085,232.06
2025-09-12 19:02:08.034085,137.02
2025-09-12 20:02:08.034085,82.84
2025-09-12 21:02:08.034085,49.72
2025-09-12 22:02:08.034085,24.65
2025-09-12 23:02:08.034085,12.53
2025-09-13 00:02:08.034085,0.79
2025-09-13 01:02:08.034085,1.66
2025-09-13 02:02:08.034085,5.09
2025-09-13 03:02:08.034085,12.82
2025-09-13 04:02:08.034085,24.56
2025-09-13 05:02:08.034085,45.69
2025-09-13 06:02:08.034085,77.47
2025-09-13 07:02:08.034085,137.9
2025-09-13 08:02:08.034085,219.15
2025-09-13 09:02:08.034085,318.8
2025-09-13 10:02:08.034085,440.12
2025-09-13 11:02:08.034085,589.45
2025-09-13 12:02:08.034085,624.93
2025-09-13 13:02:08.034085,622.35
2025-09-13 14:02:08.034085,533.51
2025-09-13 15:02:08.034085,620.17
2025-09-13 16:02:08.034085,550.42
2025-09-13 17:02:08.034085,356.59
2025-09-13 18:02:08.034085,238.96
2025-09-13 19:02:08.034085,126.61
2025-09-13 20:02:08.034085,90.94
2025-09-13 21:02:08.034085,38.59
2025-09-13 22:02:08.034085,22.73
2025-09-13 23:02:08.034085,11.08
2025-09-14 00:02:08.034085,0.68
2025-09-14 01:02:08.034085,1.53
2025-09-14 02:02:08.034085,4.15
2025-09-14 03:02:08.034085,12.81
2025-09-14 04:02:08.034085,26.13
2025-09-14 05:02:08.034085,47.33
2025-09-14 06:02:08.034085,98.7
2025-09-14 07:02:08.034085,167.85
2025-09-14 08:02:08.034085,196.38
2025-09-14 09:02:08.034085,307.26
2025-09-14 10:02:08.034085,504.21
2025-09-14 11:02:08.034085,484.72
2025-09-14 12:02:08.034085,589.7
2025-09-14 13:02:08.034085,517.98
2025-09-14 14:02:08.034085,625.31
2025-09-14 15:02:08.034085,365.08
2025-09-14 16:02:08.034085,497.9
2025-09-14 17:02:08.034085,241.97
2025-09-14 18:02:08.034085,215.79
2025-09-14 19:02:08.034085,190.67
2025-09-14 20:02:08.034085,91.22
2025-09-14 21:02:08.034085,42.25
2025-09-14 22:02:08.034085,22.17
2025-09-14 23:02:08.034085,12.14
2025-09-15 00:02:08.034085,0.67
2025-09-15 01:02:08.034085,1.65
2025-09-15 02:02:08.034085,4.24
2025-09-15 03:02:08.034085,12.09
2025-09-15 04:02:08.034085,26.84
2025-09-15 05:02:08.034085,38.7
2025-09-15 06:02:08.034085,83.66
2025-09-15 07:02:08.034085,130.64
2025-09-15 08:02:08.034085,252.09
2025-09-15 09:02:08.034085,304.77
2025-09-15 10:02:08.034085,348.76
2025-09-15 11:02:08.034085,470.51
2025-09-15 12:02:08.034085,575.26
2025-09-15 13:02:08.034085,585.44
2025-09-15 14:02:08.034085,635.31
2025-09-15 15:02:08.034085,588.76
2025-09-15 16:02:08.034085,416.56
2025-09-15 17:02:08.034085,282.45
2025-09-15 18:02:08.034085,224.2
2025-09-15 19:02:08.034085,141.0
2025-09-15 20:02:08.034085,83.3
2025-09-15 21:02:08.034085,56.2
2025-09-15 22:02:08.034085,20.09
2025-09-15 23:02:08.034085,10.67
2025-09-16 00:02:08.034085,0.71
2025-09-16 01:02:08.034085,2.16
2025-09-16 02:02:08.034085,5.59
2025-09-16 03:02:08.034085,10.22
2025-09-16 04:02:08.034085,23.86
2025-09-16 05:02:08.034085,42.44
2025-09-16 06:02:08.034085,91.05
2025-09-16 07:02:08.034085,106.07
2025-09-16 08:02:08.034085,211.15
2025-09-16 09:02:08.034085,331.06
2025-09-16 10:02:08.034085,512.94
2025-09-16 11:02:08.034085,511.02
2025-09-16 12:02:08.034085,549.59
2025-09-16 13:02:08.034085,638.64
2025-09-16 14:02:08.034085,736.82
2025-09-16 15:02:08.034085,604.36
2025-09-16 16:02:08.034085,353.43
2025-09-16 17:02:08.034085,413.07
2025-09-16 18:02:08.034085,217.8
2025-09-16 19:02:08.034085,136.05
2025-09-16 20:02:08.034085,81.66
2025-09-16 21:02:08.034085,49.49
2025-09-16 22:02:08.034085,21.15
2025-09-16 23:02:08.034085,11.18
2025-09-17 00:02:08.034085,0.79
2025-09-17 01:02:08.034085,1.58
2025-09-17 02:02:08.034085,5.15
2025-09-17 03:02:08.034085,12.44
2025-09-17 04:02:08.034085,20.52
2025-09-17 05:02:08.034085,34.42
2025-09-17 06:02:08.034085,102.73
2025-09-17 07:02:08.034085,189.22
2025-09-17 08:02:08.034085,180.79
2025-09-17 09:02:08.034085,238.8
2025-09-17 10:02:08.034085,549.26
2025-09-17 11:02:08.034085,557.79
2025-09-17 12:02:08.034085,694.0
2025-09-17 13:02:08.034085,689.74
2025-09-17 14:02:08.034085,492.89
2025-09-17 15:02:08.034085,589.02
2025-09-17 16:02:08.034085,500.15
2025-09-17 17:02:08.034085,334.36
2025-09-17 18:02:08.034085,236.62
2025-09-17 19:02:08.034085,140.88
2025-09-17 20:02:08.034085,81.21
2025-09-17 21:02:08.034085,35.72
2025-09-17 22:02:08.034085,27.23
2025-09-17 23:02:08.034085,10.16
2025-09-18 00:02:08.034085,0.79
2025-09-18 01:02:08.034085,2.24
2025-09-18 02:02:08.034085,5.21
2025-09-18 03:02:08.034085,9.96
2025-09-18 04:02:08.034085,23.63
2025-09-18 05:02:08.034085,33.44
2025-09-18 06:02:08.034085,95.43
2025-09-18 07:02:08.034085,96.12
2025-09-18 08:02:08.034085,201.77
2025-09-18 09:02:08.034085,352.04
2025-09-18 10:02:08.034085,425.04
2025-09-18 11:02:08.034085,571.46
2025-09-18 12:02:08.034085,591.48
2025-09-18 13:02:08.034085,664.05
2025-09-18 14:02:08.034085,692.34
2025-09-18 15:02:08.034085,405.14
2025-09-18 16:02:08.034085,371.57
2025-09-18 17:02:08.034085,417.41
2025-09-18 18:02:08.034085,231.51
2025-09-18 19:02:08.034085,177.19
2025-09-18 20:02:08.034085,82.87
2025-09-18 21:02:08.034085,44.29
2025-09-18 22:02:08.034085,23.72
2025-09-18 23:02:08.034085,9.89
2025-09-19 00:02:08.034085,0.62
2025-09-19 01:02:08.034085,1.3
2025-09-19 02:02:08.034085,4.88
2025-09-19 03:02:08.034085,9.0
2025-09-19 04:02:08.034085,20.8
2025-09-19 05:02:08.034085,42.6
2025-09-19 06:02:08.034085,88.6
2025-09-19 07:02:08.034085,145.47
2025-09-19 08:02:08.034085,225.38
2025-09-19 09:02:08.034085,326.43
2025-09-19 10:02:08.034085,418.84
2025-09-19 11:02:08.034085,535.63
2025-09-19 12:02:08.034085,414.31
2025-09-19 13:02:08.034085,454.75
2025-09-19 14:02:08.034085,613.95
2025-09-19 15:02:08.034085,599.71
2025-09-19 16:02:08.034085,420.58
2025-09-19 17:02:08.034085,240.16
2025-09-19 18:02:08.034085,235.87
2025-09-19 19:02:08.034085,138.21
2025-09-19 20:02:08.034085,66.86
2025-09-19 21:02:08.034085,56.49
2025-09-19 22:02:08.034085,24.02
2025-09-19 23:02:08.034085,8.25
2025-09-20 00:02:08.034085,0.61
2025-09-20 01:02:08.034085,1.47
2025-09-20 02:02:08.034085,3.77
2025-09-20 03:02:08.034085,11.29
2025-09-20 04:02:08.034085,27.18
2025-09-20 05:02:08.034085,37.91
2025-09-20 06:02:08.034085,93.71
2025-09-20 07:02:08.034085,117.99
2025-09-20 08:02:08.034085,266.45
2025-09-20 09:02:08.034085,329.58
2025-09-20 10:02:08.034085,480.47
2025-09-20 11:02:08.034085,387.31
2025-09-20 12:02:08.034085,605.27
2025-09-20 13:02:08.034085,628.18
2025-09-20 14:02:08.034085,767.16
2025-09-20 15:02:08.034085,521.27
2025-09-20 16:02:08.034085,533.7
2025-09-20 17:02:08.034085,358.39
2025-09-20 18:02:08.034085,264.84
2025-09-20 19:02:08.034085,119.46
2025-09-20 20:02:08.034085,61.99
2025-09-20 21:02:08.034085,42.84
2025-09-20 22:02:08.034085,17.27
2025-09-20 23:02:08.034085,10.37
2025-09-21 00:02:08.034085,0.73
2025-09-21 01:02:08.034085,1.8
2025-09-21 02:02:08.034085,4.66
2025-09-21 03:02:08.034085,13.99
2025-09-21 04:02:08.034085,18.08
2025-09-21 05:02:08.034085,52.66
2025-09-21 06:02:08.034085,96.11
2025-09-21 07:02:08.034085,99.31
2025-09-21 08:02:08.034085,200.36
2025-09-21 09:02:08.034085,324.49
2025-09-21 10:02:08.034085,437.53
2025-09-21 11:02:08.034085,489.61
2025-09-21 12:02:08.034085,549.35
2025-09-21 13:02:08.034085,737.72
2025-09-21 14:02:08.034085,435.57
2025-09-21 15:02:08.034085,445.39
2025-09-21 16:02:08.034085,350.19
2025-09-21 17:02:08.034085,322.96
2025-09-21 18:02:08.034085,219.09
2025-09-21 19:02:08.034085,136.69
2025-09-21 20:02:08.034085,93.36
2025-09-21 21:02:08.034085,32.99
2025-09-21 22:02:08.034085,28.65
2025-09-21 23:02:08.034085,9.08
2025-09-22 00:02:08.034085,0.59
2025-09-22 01:02:08.034085,2.0
2025-09-22 02:02:08.034085,5.13
2025-09-22 03:02:08.034085,6.42
2025-09-22 04:02:08.034085,19.77
2025-09-22 05:02:08.034085,47.79
2025-09-22 06:02:08.034085,110.73
2025-09-22 07:02:08.034085,158.69
2025-09-22 08:02:08.034085,232.87
2025-09-22 09:02:08.034085,390.92
2025-09-22 10:02:08.034085,517.8
2025-09-22 11:02:08.034085,294.65
2025-09-22 12:02:08.034085,772.05
2025-09-22 13:02:08.034085,799.99
2025-09-22 14:02:08.034085,635.64
2025-09-22 15:02:08.034085,610.94
2025-09-22 16:02:08.034085,515.49
2025-09-22 17:02:08.034085,287.2
2025-09-22 18:02:08.034085,237.23
2025-09-22 19:02:08.034085,149.18
2025-09-22 20:02:08.034085,85.87
2025-09-22 21:02:08.034085,42.33
2025-09-22 22:02:08.034085,20.4
2025-09-22 23:02:08.034085,8.91
2025-09-23 00:02:08.034085,0.7
2025-09-23 01:02:08.034085,1.24
2025-09-23 02:02:08.034085,4.08
2025-09-23 03:02:08.034085,10.63
2025-09-23 04:02:08.034085,19.81
2025-09-23 05:02:08.034085,39.82
2025-09-23 06:02:08.034085,104.57
2025-09-23 07:02:08.034085,151.77
2025-09-23 08:02:08.034085,254.03
2025-09-23 09:02:08.034085,230.2
2025-09-23 10:02:08.034085,394.01
2025-09-23 11:02:08.034085,470.66
2025-09-23 12:02:08.034085,624.42
2025-09-23 13:02:08.034085,498.57
2025-09-23 14:02:08.034085,659.75
2025-09-23 15:02:08.034085,654.14
2025-09-23 16:02:08.034085,509.53
2025-09-23 17:02:08.034085,302.81
2025-09-23 18:02:08.034085,225.22
2025-09-23 19:02:08.034085,187.42
2025-09-23 20:02:08.034085,112.16
2025-09-23 21:02:08.034085,43.58
2025-09-23 22:02:08.034085,25.07
2025-09-23 23:02:08.034085,12.11
2025-09-24 00:02:08.034085,0.53
2025-09-24 01:02:08.034085,1.52
2025-09-24 02:02:08.034085,5.33
2025-09-24 03:02:08.034085,9.49
2025-09-24 04:02:08.034085,30.38
2025-09-24 05:02:08.034085,49.56
2025-09-24 06:02:08.034085,112.16
2025-09-24 07:02:08.034085,126.62
2025-09-24 08:02:08.034085,227.0
2025-09-24 09:02:08.034085,384.35
2025-09-24 10:02:08.034085,399.64
2025-09-24 11:02:08.034085,497.78
2025-09-24 12:02:08.034085,713.32
2025-09-24 13:02:08.034085,780.7
2025-09-24 14:02:08.034085,639.39
2025-09-24 15:02:08.034085,469.42
2025-09-24 16:02:08.034085,495.22
2025-09-24 17:02:08.034085,358.48
2025-09-24 18:02:08.034085,177.78
2025-09-24 19:02:08.034085,163.2
2025-09-24 20:02:08.034085,98.4
2025-09-24 21:02:08.034085,44.85
2025-09-24 22:02:08.034085,20.19
2025-09-24 23:02:08.034085,11.36
2025-09-25 00:02:08.034085,0.66
2025-09-25 01:02:08.034085,1.85
2025-09-25 02:02:08.034085,4.73
2025-09-25 03:02:08.034085,13.23
2025-09-25 04:02:08.034085,29.16
2025-09-25 05:02:08.034085,40.38
2025-09-25 06:02:08.034085,100.65
2025-09-25 07:02:08.034085,118.72
2025-09-25 08:02:08.034085,298.72
2025-09-25 09:02:08.034085,136.87
2025-09-25 10:02:08.034085,411.93
2025-09-25 11:02:08.034085,529.27
2025-09-25 12:02:08.034085,723.78
2025-09-25 13:02:08.034085,622.46
2025-09-25 14:02:08.034085,646.28
2025-09-25 15:02:08.034085,537.1
2025-09-25 16:02:08.034085,479.53
2025-09-25 17:02:08.034085,371.52
2025-09-25 18:02:08.034085,253.61
2025-09-25 19:02:08.034085,161.47
2025-09-25 20:02:08.034085,85.06
2025-09-25 21:02:08.034085,43.41
2025-09-25 22:02:08.034085,27.64
2025-09-25 23:02:08.034085,12.24
2025-09-26 00:02:08.034085,0.73
2025-09-26 01:02:08.034085,1.6
2025-09-26 02:02:08.034085,5.16
2025-09-26 03:02:08.034085,11.15
2025-09-26 04:02:08.034085,22.35
2025-09-26 05:02:08.034085,43.37
2025-09-26 06:02:08.034085,85.34
2025-09-26 07:02:08.034085,166.67
2025-09-26 08:02:08.034085,235.76
2025-09-26 09:02:08.034085,349.06
2025-09-26 10:02:08.034085,472.97
2025-09-26 11:02:08.034085,605.21
2025-09-26 12:02:08.034085,653.63
2025-09-26 13:02:08.034085,801.07
2025-09-26 14:02:08.034085,606.08
2025-09-26 15:02:08.034085,593.09
2025-09-26 16:02:08.034085,478.44
2025-09-26 17:02:08.034085,356.23
2025-09-26 18:02:08.034085,255.28
2025-09-26 19:02:08.034085,126.93
2025-09-26 20:02:08.034085,107.8
2025-09-26 21:02:08.034085,41.26
2025-09-26 22:02:08.034085,22.07
2025-09-26 23:02:08.034085,11.74
2025-09-27 00:02:08.034085,0.54
2025-09-27 01:02:08.034085,1.86
2025-09-27 02:02:08.034085,4.48
2025-09-27 03:02:08.034085,8.69
2025-09-27 04:02:08.034085,22.93
2025-09-27 05:02:08.034085,42.95
2025-09-27 06:02:08.034085,53.78
2025-09-27 07:02:08.034085,150.69
2025-09-27 08:02:08.034085,288.4
2025-09-27 09:02:08.034085,431.32
2025-09-27 10:02:08.034085,533.95
2025-09-27 11:02:08.034085,406.86
2025-09-27 12:02:08.034085,547.81
2025-09-27 13:02:08.034085,738.71
2025-09-27 14:02:08.034085,535.75
2025-09-27 15:02:08.034085,589.55
2025-09-27 16:02:08.034085,432.18
2025-09-27 17:02:08.034085,371.31
2025-09-27 18:02:08.034085,246.92
2025-09-27 19:02:08.034085,155.59
2025-09-27 20:02:08.034085,76.42
2025-09-27 21:02:08.034085,45.09
2025-09-27 22:02:08.034085,19.36
2025-09-27 23:02:08.034085,10.42
2025-09-28 00:02:08.034085,0.52
2025-09-28 01:02:08.034085,1.87
2025-09-28 02:02:08.034085,5.19
2025-09-28 03:02:08.034085,11.14
2025-09-28 04:02:08.034085,30.38
2025-09-28 05:02:08.034085,40.08
2025-09-28 06:02:08.034085,93.84
2025-09-28 07:02:08.034085,175.03
2025-09-28 08:02:08.034085,253.41
2025-09-28 09:02:08.034085,321.86
2025-09-28 10:02:08.034085,444.12
2025-09-28 11:02:08.034085,485.9
2025-09-28 12:02:08.034085,523.82
2025-09-28 13:02:08.034085,584.71
2025-09-28 14:02:08.034085,686.92
2025-09-28 15:02:08.034085,410.09
2025-09-28 16:02:08.034085,433.42
2025-09-28 17:02:08.034085,249.6
2025-09-28 18:02:08.034085,259.36
2025-09-28 19:02:08.034085,84.22
2025-09-28 20:02:08.034085,112.16
2025-09-28 21:02:08.034085,42.44
2025-09-28 22:02:08.034085,20.73
2025-09-28 23:02:08.034085,11.45
2025-09-29 00:02:08.034085,0.69
2025-09-29 01:02:08.034085,1.54
2025-09-29 02:02:08.034085,3.92
2025-09-29 03:02:08.034085,12.56
2025-09-29 04:02:08.034085,24.15
2025-09-29 05:02:08.034085,45.41
2025-09-29 06:02:08.034085,72.7
2025-09-29 07:02:08.034085,120.73
2025-09-29 08:02:08.034085,200.17
2025-09-29 09:02:08.034085,335.8
2025-09-29 10:02:08.034085,566.07
2025-09-29 11:02:08.034085,537.38
2025-09-29 12:02:08.034085,597.08
2025-09-29 13:02:08.034085,774.73
2025-09-29 14:02:08.034085,633.83
2025-09-29 15:02:08.034085,601.62
2025-09-29 16:02:08.034085,391.18
2025-09-29 17:02:08.034085,353.18
2025-09-29 18:02:08.034085,194.38
2025-09-29 19:02:08.034085,154.76
2025-09-29 20:02:08.034085,84.1
2025-09-29 21:02:08.034085,47.62
2025-09-29 22:02:08.034085,21.36
2025-09-29 23:02:08.034085,10.92
2025-09-30 00:02:08.034085,0.43
2025-09-30 01:02:08.034085,1.57
2025-09-30 02:02:08.034085,4.19
2025-09-30 03:02:08.034085,13.99
2025-09-30 04:02:08.034085,25.77
2025-09-30 05:02:08.034085,39.12
2025-09-30 06:02:08.034085,90.02
2025-09-30 07:02:08.034085,160.6
2025-09-30 08:02:08.034085,233.9
2025-09-30 09:02:08.034085,348.6
2025-09-30 10:02:08.034085,455.73
2025-09-30 11:02:08.034085,587.69
2025-09-30 12:02:08.034085,564.19
2025-09-30 13:02:08.034085,734.08
2025-09-30 14:02:08.034085,678.45
2025-09-30 15:02:08.034085,594.45
2025-09-30 16:02:08.034085,454.96
2025-09-30 17:02:08.034085,324.37
2025-09-30 18:02:08.034085,207.24
2025-09-30 19:02:08.034085,125.89
2025-09-30 20:02:08.034085,86.92
2025-09-30 21:02:08.034085,54.17
2025-09-30 22:02:08.034085,25.47
2025-09-30 23:02:08.034085,10.88
2025-10-01 00:02:08.034085,0.68
2025-10-01 01:02:08.034085,1.45
2025-10-01 02:02:08.034085,4.36
2025-10-01 03:02:08.034085,8.5
2025-10-01 04:02:08.034085,17.48
2025-10-01 05:02:08.034085,37.57
2025-10-01 06:02:08.034085,59.65
2025-10-01 07:02:08.034085,149.24
2025-10-01 08:02:08.034085,114.18
2025-10-01 09:02:08.034085,290.86
2025-10-01 10:02:08.034085,425.19
2025-10-01 11:02:08.034085,402.36
2025-10-01 12:02:08.034085,504.75
2025-10-01 13:02:08.034085,556.26
2025-10-01 14:02:08.034085,433.5
2025-10-01 15:02:08.034085,452.03
2025-10-01 16:02:08.034085,376.92
2025-10-01 17:02:08.034085,342.4
2025-10-01 18:02:08.034085,174.22
2025-10-01 19:02:08.034085,100.31
2025-10-01 20:02:08.034085,72.24
2025-10-01 21:02:08.034085,36.11
2025-10-01 22:02:08.034085,21.66
2025-10-01 23:02:08.034085,10.38
2025-10-02 00:02:08.034085,0.51
2025-10-02 01:02:08.034085,1.29
2025-10-02 02:02:08.034085,3.66
2025-10-02 03:02:08.034085,9.94
2025-10-02 04:02:08.034085,22.17
2025-10-02 05:02:08.034085,38.48
2025-10-02 06:02:08.034085,80.32
2025-10-02 07:02:08.034085,94.11
2025-10-02 08:02:08.034085,184.25
2025-10-02 09:02:08.034085,284.67
2025-10-02 10:02:08.034085,430.89
2025-10-02 11:02:08.034085,521.27
2025-10-02 12:02:08.034085,663.0
2025-10-02 13:02:08.034085,541.36
2025-10-02 14:02:08.034085,494.06
2025-10-02 15:02:08.034085,479.64
2025-10-02 16:02:08.034085,454.34
2025-10-02 17:02:08.034085,279.77
2025-10-02 18:02:08.034085,194.84
2025-10-02 19:02:08.034085,135.44
2025-10-02 20:02:08.034085,56.3
2025-10-02 21:02:08.034085,39.13
2025-10-02 22:02:08.034085,22.82
2025-10-02 23:02:08.034085,9.23
2025-10-03 00:02:08.034085,0.59
2025-10-03 01:02:08.034085,1.49
2025-10-03 02:02:08.034085,4.06
2025-10-03 03:02:08.034085,8.44
2025-10-03 04:02:08.034085,19.71
2025-10-03 05:02:08.034085,32.45
2025-10-03 06:02:08.034085,73.91
2025-10-03 07:02:08.034085,114.67
2025-10-03 08:02:08.034085,182.91
2025-10-03 09:02:08.034085,225.74
2025-10-03 10:02:08.034085,314.91
2025-10-03 11:02:08.034085,470.52
2025-10-03 12:02:08.034085,596.08
2025-10-03 13:02:08.034085,605.91
2025-10-03 14:02:08.034085,552.1
2025-10-03 15:02:08.034085,419.88
2025-10-03 16:02:08.034085,303.01
2025-10-03 17:02:08.034085,255.59
2025-10-03 18:02:08.034085,207.42
2025-10-03 19:02:08.034085,119.2
2025-10-03 20:02:08.034085,73.98
2025-10-03 21:02:08.034085,37.64
2025-10-03 22:02:08.034085,17.74
2025-10-03 23:02:08.034085,8.92
2025-10-04 00:02:08.034085,0.55
2025-10-04 01:02:08.034085,1.58
2025-10-04 02:02:08.034085,4.25
2025-10-04 03:02:08.034085,10.7
2025-10-04 04:02:08.034085,18.26
2025-10-04 05:02:08.034085,43.56
2025-10-04 06:02:08.034085,70.6
2025-10-04 07:02:08.034085,150.9
2025-10-04 08:02:08.034085,166.93
2025-10-04 09:02:08.034085,334.21
2025-10-04 10:02:08.034085,306.62
2025-10-04 11:02:08.034085,423.83
2025-10-04 12:02:08.034085,475.65
2025-10-04 13:02:08.034085,612.89
2025-10-04 14:02:08.034085,637.61
2025-10-04 15:02:08.034085,480.69
2025-10-04 16:02:08.034085,381.61
2025-10-04 17:02:08.034085,264.5
2025-10-04 18:02:08.034085,186.02
2025-10-04 19:02:08.034085,111.06
2025-10-04 20:02:08.034085,73.41
2025-10-04 21:02:08.034085,36.53
2025-10-04 22:02:08.034085,15.85
2025-10-04 23:02:08.034085,9.19
2025-10-05 00:02:08.034085,0.54
2025-10-05 01:02:08.034085,1.16
2025-10-05 02:02:08.034085,4.27
2025-10-05 03:02:08.034085,8.94
2025-10-05 04:02:08.034085,21.35
2025-10-05 05:02:08.034085,44.58
2025-10-05 06:02:08.034085,79.7
2025-10-05 07:02:08.034085,123.87
2025-10-05 08:02:08.034085,196.12
2025-10-05 09:02:08.034085,158.03
2025-10-05 10:02:08.034085,334.61
2025-10-05 11:02:08.034085,467.71
2025-10-05 12:02:08.034085,512.39
2025-10-05 13:02:08.034085,495.58
2025-10-05 14:02:08.034085,488.92
2025-10-05 15:02:08.034085,476.02
2025-10-05 16:02:08.034085,397.12
2025-10-05 17:02:08.034085,301.7
2025-10-05 18:02:08.034085,206.45
2025-10-05 19:02:08.034085,129.01
2025-10-05 20:02:08.034085,72.89
2025-10-05 21:02:08.034085,40.06
2025-10-05 22:02:08.034085,15.94
2025-10-05 23:02:08.034085,9.45
2025-10-06 00:02:08.034085,0.61
2025-10-06 01:02:08.034085,1.93
2025-10-06 02:02:08.034085,3.52
2025-10-06 03:02:08.034085,9.26
2025-10-06 04:02:08.034085,15.81
2025-10-06 05:02:08.034085,41.69
2025-10-06 06:02:08.034085,90.9
2025-10-06 07:02:08.034085,85.44
2025-10-06 08:02:08.034085,156.3
2025-10-06 09:02:08.034085,308.69
2025-10-06 10:02:08.034085,326.27
2025-10-06 11:02:08.034085,394.48
2025-10-06 12:02:08.034085,401.31
2025-10-06 13:02:08.034085,529.43
2025-10-06 14:02:08.034085,453.96
2025-10-06 15:02:08.034085,340.37
2025-10-06 16:02:08.034085,297.34
2025-10-06 17:02:08.034085,243.78
2025-10-06 18:02:08.034085,228.77
2025-10-06 19:02:08.034085,132.95
2025-10-06 20:02:08.034085,75.34
2025-10-06 21:02:08.034085,41.98
2025-10-06 22:02:08.034085,15.06
2025-10-06 23:02:08.034085,7.99
2025-10-07 00:02:08.034085,0.59
2025-10-07 01:02:08.034085,1.57
2025-10-07 02:02:08.034085,2.75
2025-10-07 03:02:08.034085,8.61
2025-10-07 04:02:08.034085,22.91
2025-10-07 05:02:08.034085,43.7
2025-10-07 06:02:08.034085,64.37
2025-10-07 07:02:08.034085,105.46
2025-10-07 08:02:08.034085,233.37
2025-10-07 09:02:08.034085,248.59
2025-10-07 10:02:08.034085,359.36
2025-10-07 11:02:08.034085,323.93
2025-10-07 12:02:08.034085,569.47
2025-10-07 13:02:08.034085,507.89
2025-10-07 14:02:08.034085,395.84
2025-10-07 15:02:08.034085,499.83
2025-10-07 16:02:08.034085,455.65
2025-10-07 17:02:08.034085,348.2
2025-10-07 18:02:08.034085,245.41
2025-10-07 19:02:08.034085,152.28
2025-10-07 20:02:08.034085,60.53
2025-10-07 21:02:08.034085,46.07
2025-10-07 22:02:08.034085,23.23
2025-10-07 23:02:08.034085,9.5
2025-10-08 00:02:08.034085,0.54
2025-10-08 01:02:08.034085,1.28
2025-10-08 02:02:08.034085,4.53
2025-10-08 03:02:08.034085,8.84
2025-10-08 04:02:08.034085,20.11
2025-10-08 05:02:08.034085,32.99
2025-10-08 06:02:08.034085,87.65
2025-10-08 07:02:08.034085,125.97
2025-10-08 08:02:08.034085,141.43
2025-10-08 09:02:08.034085,280.65
2025-10-08 10:02:08.034085,429.38
2025-10-08 11:02:08.034085,459.35
2025-10-08 12:02:08.034085,631.89
2025-10-08 13:02:08.034085,690.63
2025-10-08 14:02:08.034085,606.29
2025-10-08 15:02:08.034085,458.04
2025-10-08 16:02:08.034085,316.65
2025-10-08 17:02:08.034085,210.8
2025-10-08 18:02:08.034085,219.69
2025-10-08 19:02:08.034085,106.12
2025-10-08 20:02:08.034085,58.91
2025-10-08 21:02:08.034085,32.98
2025-10-08 22:02:08.034085,15.03
2025-10-08 23:02:08.034085,8.72
2025-10-09 00:02:08.034085,0.58
2025-10-09 01:02:08.034085,1.6
2025-10-09 02:02:08.034085,3.23
2025-10-09 03:02:08.034085,7.5
2025-10-09 04:02:08.034085,12.87
2025-10-09 05:02:08.034085,31.89
2025-10-09 06:02:08.034085,90.48
2025-10-09 07:02:08.034085,158.89
2025-10-09 08:02:08.034085,205.65
2025-10-09 09:02:08.034085,233.07
2025-10-09 10:02:08.034085,344.7
2025-10-09 11:02:08.034085,556.03
2025-10-09 12:02:08.034085,494.29
2025-10-09 13:02:08.034085,386.51
2025-10-09 14:02:08.034085,535.56
2025-10-09 15:02:08.034085,439.63
2025-10-09 16:02:08.034085,478.31
2025-10-09 17:02:08.034085,303.21
2025-10-09 18:02:08.034085,198.34
2025-10-09 19:02:08.034085,127.61
2025-10-09 20:02:08.034085,86.72
2025-10-09 21:02:08.034085,45.24
2025-10-09 22:02:08.034085,21.43
2025-10-09 23:02:08.034085,10.55
2025-10-10 00:02:08.034085,0.57
2025-10-10 01:02:08.034085,1.29
2025-10-10 02:02:08.034085,3.76
2025-10-10 03:02:08.034085,9.05
2025-10-10 04:02:08.034085,19.34
2025-10-10 05:02:08.034085,38.23
2025-10-10 06:02:08.034085,74.67
2025-10-10 07:02:08.034085,139.43
2025-10-10 08:02:08.034085,235.56
2025-10-10 09:02:08.034085,206.59
2025-10-10 10:02:08.034085,354.19
2025-10-10 11:02:08.034085,411.48
2025-10-10 12:02:08.034085,590.1
2025-10-10 13:02:08.034085,568.6
2025-10-10 14:02:08.034085,525.72
2025-10-10 15:02:08.034085,477.32
2025-10-10 16:02:08.034085,370.59
2025-10-10 17:02:08.034085,236.51
2025-10-10 18:02:08.034085,174.72
2025-10-10 19:02:08.034085,119.35
2025-10-10 20:02:08.034085,73.53
2025-10-10 21:02:08.034085,29.58
2025-10-10 22:02:08.034085,24.0
2025-10-10 23:02:08.034085,8.63
2025-10-11 00:02:08.034085,0.44
2025-10-11 01:02:08.034085,1.53
2025-10-11 02:02:08.034085,4.35
2025-10-11 03:02:08.034085,8.03
2025-10-11 04:02:08.034085,23.75
2025-10-11 05:02:08.034085,37.52
2025-10-11 06:02:08.034085,54.47
2025-10-11 07:02:08.034085,112.33
2025-10-11 08:02:08.034085,176.51
2025-10-11 09:02:08.034085,186.63
2025-10-11 10:02:08.034085,376.03
2025-10-11 11:02:08.034085,399.91
2025-10-11 12:02:08.034085,505.49
2025-10-11 13:02:08.034085,536.48
2025-10-11 14:02:08.034085,587.73
2025-10-11 15:02:08.034085,399.94
2025-10-11 16:02:08.034085,388.74
2025-10-11 17:02:08.034085,281.45
2025-10-11 18:02:08.034085,191.07
2025-10-11 19:02:08.034085,108.73
2025-10-11 20:02:08.034085,60.16
2025-10-11 21:02:08.034085,42.1
2025-10-11 22:02:08.034085,20.63
2025-10-11 23:02:08.034085,9.53
2025-10-12 00:02:08.034085,0.46
2025-10-12 01:02:08.034085,1.92
2025-10-12 02:02:08.034085,4.85
2025-10-12 03:02:08.034085,6.24
2025-10-12 04:02:08.034085,19.92
2025-10-12 05:02:08.034085,43.81
2025-10-12 06:02:08.034085,59.48
2025-10-12 07:02:08.034085,130.58
2025-10-12 08:02:08.034085,206.18
2025-10-12 09:02:08.034085,265.89
2025-10-12 10:02:08.034085,425.02
2025-10-12 11:02:08.034085,466.98
2025-10-12 12:02:08.034085,425.18
2025-10-12 13:02:08.034085,576.19
2025-10-12 14:02:08.034085,500.74
2025-10-12 15:02:08.034085,537.73
2025-10-12 16:02:08.034085,383.13
2025-10-12 17:02:08.034085,302.6
2025-10-12 18:02:08.034085,164.12
2025-10-12 19:02:08.034085,57.75
2025-10-12 20:02:08.034085,65.39
2025-10-12 21:02:08.034085,43.12
2025-10-12 22:02:08.034085,16.39
2025-10-12 23:02:08.034085,11.4
2025-10-13 00:02:08.034085,0.52
2025-10-13 01:02:08.034085,1.64
2025-10-13 02:02:08.034085,3.34
2025-10-13 03:02:08.034085,10.74
2025-10-13 04:02:08.034085,22.46
2025-10-13 05:02:08.034085,44.42
2025-10-13 06:02:08.034085,73.06
2025-10-13 07:02:08.034085,85.61
2025-10-13 08:02:08.034085,205.26
2025-10-13 09:02:08.034085,280.44
2025-10-13 10:02:08.034085,401.2
2025-10-13 11:02:08.034085,366.0
2025-10-13 12:02:08.034085,466.78
2025-10-13 13:02:08.034085,511.95
2025-10-13 14:02:08.034085,417.72
2025-10-13 15:02:08.034085,586.59
2025-10-13 16:02:08.034085,316.42
2025-10-13 17:02:08.034085,315.6
2025-10-13 18:02:08.034085,199.81
2025-10-13 19:02:08.034085,87.37
2025-10-13 20:02:08.034085,72.18
2025-10-13 21:02:08.034085,28.05
2025-10-13 22:02:08.034085,19.45
2025-10-13 23:02:08.034085,10.25
2025-10-14 00:02:08.034085,0.56
2025-10-14 01:02:08.034085,1.31
2025-10-14 02:02:08.034085,3.94
2025-10-14 03:02:08.034085,6.73
2025-10-14 04:02:08.034085,16.86
2025-10-14 05:02:08.034085,37.19
2025-10-14 06:02:08.034085,56.41
2025-10-14 07:02:08.034085,121.92
2025-10-14 08:02:08.034085,167.19
2025-10-14 09:02:08.034085,201.07
2025-10-14 10:02:08.034085,304.05
2025-10-14 11:02:08.034085,401.08
2025-10-14 12:02:08.034085,423.11
2025-10-14 13:02:08.034085,467.18
2025-10-14 14:02:08.034085,395.45
2025-10-14 15:02:08.034085,397.49
2025-10-14 16:02:08.034085,386.36
2025-10-14 17:02:08.034085,231.75
2025-10-14 18:02:08.034085,201.23
2025-10-14 19:02:08.034085,90.5
2025-10-14 20:02:08.034085,44.64
2025-10-14 21:02:08.034085,32.98
2025-10-14 22:02:08.034085,22.76
2025-10-14 23:02:08.034085,8.75
2025-10-15 00:02:08.034085,0.61
2025-10-15 01:02:08.034085,1.3
2025-10-15 02:02:08.034085,3.59
2025-10-15 03:02:08.034085,8.78
2025-10-15 04:02:08.034085,20.49
2025-10-15 05:02:08.034085,36.91
2025-10-15 06:02:08.034085,74.79
2025-10-15 07:02:08.034085,158.89
2025-10-15 08:02:08.034085,160.08
2025-10-15 09:02:08.034085,307.28
2025-10-15 10:02:08.034085,419.48
2025-10-15 11:02:08.034085,467.75
2025-10-15 12:02:08.034085,506.73
2025-10-15 13:02:08.034085,463.82
2025-10-15 14:02:08.034085,560.07
2025-10-15 15:02:08.034085,556.73
2025-10-15 16:02:08.034085,397.37
2025-10-15 17:02:08.034085,279.75
2025-10-15 18:02:08.034085,179.12
2025-10-15 19:02:08.034085,116.53
2025-10-15 20:02:08.034085,72.91
2025-10-15 21:02:08.034085,34.15
2025-10-15 22:02:08.034085,22.48
2025-10-15 23:02:08.034085,9.58
2025-10-16 00:02:08.034085,0.58
2025-10-16 01:02:08.034085,1.27
2025-10-16 02:02:08.034085,4.19
2025-10-16 03:02:08.034085,11.21
2025-10-16 04:02:08.034085,20.91
2025-10-16 05:02:08.034085,37.66
2025-10-16 06:02:08.034085,91.64
2025-10-16 07:02:08.034085,112.97
2025-10-16 08:02:08.034085,217.89
2025-10-16 09:02:08.034085,280.88
2025-10-16 10:02:08.034085,371.9
2025-10-16 11:02:08.034085,544.66
2025-10-16 12:02:08.034085,565.57
2025-10-16 13:02:08.034085,475.56
2025-10-16 14:02:08.034085,663.0
2025-10-16 15:02:08.034085,411.07
2025-10-16 16:02:08.034085,368.82
2025-10-16 17:02:08.034085,255.59
2025-10-16 18:02:08.034085,204.66
2025-10-16 19:02:08.034085,112.55
2025-10-16 20:02:08.034085,77.4
2025-10-16 21:02:08.034085,42.41
2025-10-16 22:02:08.034085,17.76
2025-10-16 23:02:08.034085,10.0
2025-10-17 00:02:08.034085,0.58
2025-10-17 01:02:08.034085,1.44
2025-10-17 02:02:08.034085,4.18
2025-10-17 03:02:08.034085,8.9
2025-10-17 04:02:08.034085,19.93
2025-10-17 05:02:08.034085,40.87
2025-10-17 06:02:08.034085,76.83
2025-10-17 07:02:08.034085,126.72
2025-10-17 08:02:08.034085,225.26
2025-10-17 09:02:08.034085,270.32
2025-10-17 10:02:08.034085,342.85
2025-10-17 11:02:08.034085,370.34
2025-10-17 12:02:08.034085,480.74
2025-10-17 13:02:08.034085,502.88
2025-10-17 14:02:08.034085,663.0
2025-10-17 15:02:08.034085,515.69
2025-10-17 16:02:08.034085,478.31
2025-10-17 17:02:08.034085,280.6
2025-10-17 18:02:08.034085,224.5
2025-10-17 19:02:08.034085,133.68
2025-10-17 20:02:08.034085,87.29
2025-10-17 21:02:08.034085,38.38
2025-10-17 22:02:08.034085,21.48
2025-10-17 23:02:08.034085,8.3
2025-10-18 00:02:08.034085,0.7
2025-10-18 01:02:08.034085,1.89
2025-10-18 02:02:08.034085,3.35
2025-10-18 03:02:08.034085,7.62
2025-10-18 04:02:08.034085,14.91
2025-10-18 05:02:08.034085,37.98
2025-10-18 06:02:08.034085,69.12
2025-10-18 07:02:08.034085,118.55
2025-10-18 08:02:08.034085,217.64
2025-10-18 09:02:08.034085,245.75
2025-10-18 10:02:08.034085,406.91
2025-10-18 11:02:08.034085,436.48
2025-10-18 12:02:08.034085,366.13
2025-10-18 13:02:08.034085,593.37
2025-10-18 14:02:08.034085,500.27
2025-10-18 15:02:08.034085,308.57
2025-10-18 16:02:08.034085,355.78
2025-10-18 17:02:08.034085,285.6
2025-10-18 18:02:08.034085,175.06
2025-10-18 19:02:08.034085,127.16
2025-10-18 20:02:08.034085,83.48
2025-10-18 21:02:08.034085,31.87
2025-10-18 22:02:08.034085,13.71
2025-10-18 23:02:08.034085,8.11
2025-10-19 00:02:08.034085,0.45
2025-10-19 01:02:08.034085,1.35
2025-10-19 02:02:08.034085,3.93
2025-10-19 03:02:08.034085,7.17
2025-10-19 04:02:08.034085,15.2
2025-10-19 05:02:08.034085,36.86
2025-10-19 06:02:08.034085,83.42
2025-10-19 07:02:08.034085,136.85
2025-10-19 08:02:08.034085,176.43
2025-10-19 09:02:08.034085,234.91
2025-10-19 10:02:08.034085,354.98
2025-10-19 11:02:08.034085,503.29
2025-10-19 12:02:08.034085,430.07
2025-10-19 13:02:08.034085,428.11
2025-10-19 14:02:08.034085,614.16
2025-10-19 15:02:08.034085,360.29
2025-10-19 16:02:08.034085,355.18
2025-10-19 17:02:08.034085,217.16
2025-10-19 18:02:08.034085,166.46
2025-10-19 19:02:08.034085,117.97
2025-10-19 20:02:08.034085,81.09
2025-10-19 21:02:08.034085,46.99
2025-10-19 22:02:08.034085,18.49
2025-10-19 23:02:08.034085,11.23
2025-10-20 00:02:08.034085,0.62
2025-10-20 01:02:08.034085,1.31
2025-10-20 02:02:08.034085,3.47
2025-10-20 03:02:08.034085,9.22
2025-10-20 04:02:08.034085,23.68
2025-10-20 05:02:08.034085,39.58
2025-10-20 06:02:08.034085,63.07
2025-10-20 07:02:08.034085,126.89
2025-10-20 08:02:08.034085,215.11
2025-10-20 09:02:08.034085,257.62
2025-10-20 10:02:08.034085,422.39
2025-10-20 11:02:08.034085,470.41
2025-10-20 12:02:08.034085,341.72
2025-10-20 13:02:08.034085,460.62
2025-10-20 14:02:08.034085,509.83
2025-10-20 15:02:08.034085,446.02
2025-10-20 16:02:08.034085,322.42
2025-10-20 17:02:08.034085,262.77
2025-10-20 18:02:08.034085,150.99
2025-10-20 19:02:08.034085,108.61
2025-10-20 20:02:08.034085,61.25
2025-10-20 21:02:08.034085,34.6
2025-10-20 22:02:08.034085,22.33
2025-10-20 23:02:08.034085,6.5
2025-10-21 00:02:08.034085,0.53
2025-10-21 01:02:08.034085,1.22
2025-10-21 02:02:08.034085,3.04
2025-10-21 03:02:08.034085,9.98
2025-10-21 04:02:08.034085,22.02
2025-10-21 05:02:08.034085,41.21
2025-10-21 06:02:08.034085,72.04
2025-10-21 07:02:08.034085,149.22
2025-10-21 08:02:08.034085,190.14
2025-10-21 09:02:08.034085,277.52
2025-10-21 10:02:08.034085,431.29
2025-10-21 11:02:08.034085,545.66
2025-10-21 12:02:08.034085,495.06
2025-10-21 13:02:08.034085,474.96
2025-10-21 14:02:08.034085,513.15
2025-10-21 15:02:08.034085,424.79
2025-10-21 16:02:08.034085,388.54
2025-10-21 17:02:08.034085,328.65
2025-10-21 18:02:08.034085,202.76
2025-10-21 19:02:08.034085,145.65
2025-10-21 20:02:08.034085,86.08
2025-10-21 21:02:08.034085,43.41
2025-10-21 22:02:08.034085,17.13
2025-10-21 23:02:08.034085,9.2
2025-10-22 00:02:08.034085,0.64
2025-10-22 01:02:08.034085,1.15
2025-10-22 02:02:08.034085,4.76
2025-10-22 03:02:08.034085,8.96
2025-10-22 04:02:08.034085,21.23
2025-10-22 05:02:08.034085,41.62
2025-10-22 06:02:08.034085,78.33
2025-10-22 07:02:08.034085,98.2
2025-10-22 08:02:08.034085,168.69
2025-10-22 09:02:08.034085,359.44
2025-10-22 10:02:08.034085,388.23
2025-10-22 11:02:08.034085,485.82
2025-10-22 12:02:08.034085,585.8
2025-10-22 13:02:08.034085,558.57
2025-10-22 14:02:08.034085,489.83
2025-10-22 15:02:08.034085,447.44
2025-10-22 16:02:08.034085,338.13
2025-10-22 17:02:08.034085,351.28
2025-10-22 18:02:08.034085,248.93
2025-10-22 19:02:08.034085,144.76
2025-10-22 20:02:08.034085,62.59
2025-10-22 21:02:08.034085,28.5
2025-10-22 22:02:08.034085,21.99
2025-10-22 23:02:08.034085,10.8
2025-10-23 00:02:08.034085,0.53
2025-10-23 01:02:08.034085,1.79
2025-10-23 02:02:08.034085,4.41
2025-10-23 03:02:08.034085,7.63
2025-10-23 04:02:08.034085,23.88
2025-10-23 05:02:08.034085,36.92
2025-10-23 06:02:08.034085,78.15
2025-10-23 07:02:08.034085,138.33
2025-10-23 08:02:08.034085,231.99
2025-10-23 09:02:08.034085,253.92
2025-10-23 10:02:08.034085,312.8
2025-10-23 11:02:08.034085,481.95
2025-10-23 12:02:08.034085,621.84
2025-10-23 13:02:08.034085,400.93
2025-10-23 14:02:08.034085,433.24
2025-10-23 15:02:08.034085,408.99
2025-10-23 16:02:08.034085,409.7
2025-10-23 17:02:08.034085,328.55
2025-10-23 18:02:08.034085,210.82
2025-10-23 19:02:08.034085,158.89
2025-10-23 20:02:08.034085,77.21
2025-10-23 21:02:08.034085,45.58
2025-10-23 22:02:08.034085,17.66
2025-10-23 23:02:08.034085,8.58
2025-10-24 00:02:08.034085,0.61
2025-10-24 01:02:08.034085,1.58
2025-10-24 02:02:08.034085,3.96
2025-10-24 03:02:08.034085,8.02
2025-10-24 04:02:08.034085,20.01
2025-10-24 05:02:08.034085,42.59
2025-10-24 06:02:08.034085,77.66
2025-10-24 07:02:08.034085,153.79
2025-10-24 08:02:08.034085,248.93
2025-10-24 09:02:08.034085,260.6
2025-10-24 10:02:08.034085,404.88
2025-10-24 11:02:08.034085,438.47
2025-10-24 12:02:08.034085,553.98
2025-10-24 13:02:08.034085,501.66
2025-10-24 14:02:08.034085,392.27
2025-10-24 15:02:08.034085,479.72
2025-10-24 16:02:08.034085,404.14
2025-10-24 17:02:08.034085,359.44
2025-10-24 18:02:08.034085,136.05
2025-10-24 19:02:08.034085,123.31
2025-10-24 20:02:08.034085,72.11
2025-10-24 21:02:08.034085,41.63
2025-10-24 22:02:08.034085,19.26
2025-10-24 23:02:08.034085,10.56
2025-10-25 00:02:08.034085,0.59
2025-10-25 01:02:08.034085,1.87
2025-10-25 02:02:08.034085,4.95
2025-10-25 03:02:08.034085,9.18
2025-10-25 04:02:08.034085,23.11
2025-10-25 05:02:08.034085,27.77
2025-10-25 06:02:08.034085,82.85
2025-10-25 07:02:08.034085,97.6
2025-10-25 08:02:08.034085,202.63
2025-10-25 09:02:08.034085,304.3
2025-10-25 10:02:08.034085,399.22
2025-10-25 11:02:08.034085,375.24
2025-10-25 12:02:08.034085,564.73
2025-10-25 13:02:08.034085,558.79
2025-10-25 14:02:08.034085,455.01
2025-10-25 15:02:08.034085,440.78
2025-10-25 16:02:08.034085,288.24
2025-10-25 17:02:08.034085,304.91
2025-10-25 18:02:08.034085,210.39
2025-10-25 19:02:08.034085,142.3
2025-10-25 20:02:08.034085,69.32
2025-10-25 21:02:08.034085,47.44
2025-10-25 22:02:08.034085,16.73
2025-10-25 23:02:08.034085,9.67
2025-10-26 00:02:08.034085,0.52
2025-10-26 01:02:08.034085,1.72
2025-10-26 02:02:08.034085,4.49
2025-10-26 03:02:08.034085,8.42
2025-10-26 04:02:08.034085,20.35
2025-10-26 05:02:08.034085,37.11
2025-10-26 06:02:08.034085,62.19
2025-10-26 07:02:08.034085,129.18
2025-10-26 08:02:08.034085,210.97
2025-10-26 09:02:08.034085,286.72
2025-10-26 10:02:08.034085,319.01
2025-10-26 11:02:08.034085,497.45
2025-10-26 12:02:08.034085,497.21
2025-10-26 13:02:08.034085,466.61
2025-10-26 14:02:08.034085,461.1
2025-10-26 15:02:08.034085,442.78
2025-10-26 16:02:08.034085,370.46
2025-10-26 17:02:08.034085,294.55
2025-10-26 18:02:08.034085,182.79
2025-10-26 19:02:08.034085,115.45
2025-10-26 20:02:08.034085,84.61
2025-10-26 21:02:08.034085,37.58
2025-10-26 22:02:08.034085,22.03
2025-10-26 23:02:08.034085,9.1
2025-10-27 00:02:08.034085,0.55
2025-10-27 01:02:08.034085,1.33
2025-10-27 02:02:08.034085,3.44
2025-10-27 03:02:08.034085,9.56
2025-10-27 04:02:08.034085,17.85
2025-10-27 05:02:08.034085,47.59
2025-10-27 06:02:08.034085,80.25
2025-10-27 07:02:08.034085,147.38
2025-10-27 08:02:08.034085,214.34
2025-10-27 09:02:08.034085,289.35
2025-10-27 10:02:08.034085,346.53
2025-10-27 11:02:08.034085,398.52
2025-10-27 12:02:08.034085,569.09
2025-10-27 13:02:08.034085,511.12
2025-10-27 14:02:08.034085,603.96
2025-10-27 15:02:08.034085,462.86
2025-10-27 16:02:08.034085,339.54
2025-10-27 17:02:08.034085,287.9
2025-10-27 18:02:08.034085,157.81
2025-10-27 19:02:08.034085,141.76
2025-10-27 20:02:08.034085,76.32
2025-10-27 21:02:08.034085,35.06
2025-10-27 22:02:08.034085,22.59
2025-10-27 23:02:08.034085,7.49
2025-10-28 00:02:08.034085,0.56
2025-10-28 01:02:08.034085,1.73
2025-10-28 02:02:08.034085,3.7
2025-10-28 03:02:08.034085,10.71
2025-10-28 04:02:08.034085,23.96
2025-10-28 05:02:08.034085,34.35
2025-10-28 06:02:08.034085,63.77
2025-10-28 07:02:08.034085,126.8
2025-10-28 08:02:08.034085,238.19
2025-10-28 09:02:08.034085,210.22
2025-10-28 10:02:08.034085,286.69
2025-10-28 11:02:08.034085,461.95
2025-10-28 12:02:08.034085,368.16
2025-10-28 13:02:08.034085,546.74
2025-10-28 14:02:08.034085,464.49
2025-10-28 15:02:08.034085,493.61
2025-10-28 16:02:08.034085,398.37
2025-10-28 17:02:08.034085,241.09
2025-10-28 18:02:08.034085,165.2
2025-10-28 19:02:08.034085,115.09
2025-10-28 20:02:08.034085,76.87
2025-10-28 21:02:08.034085,43.65
2025-10-28 22:02:08.034085,16.77
2025-10-28 23:02:08.034085,11.45
2025-10-29 00:02:08.034085,0.56
2025-10-29 01:02:08.034085,1.46
2025-10-29 02:02:08.034085,3.84
2025-10-29 03:02:08.034085,9.28
2025-10-29 04:02:08.034085,21.53
2025-10-29 05:02:08.034085,50.67
2025-10-29 06:02:08.034085,73.24
2025-10-29 07:02:08.034085,126.7
2025-10-29 08:02:08.034085,201.87
2025-10-29 09:02:08.034085,281.79
2025-10-29 10:02:08.034085,388.09
2025-10-29 11:02:08.034085,450.19
2025-10-29 12:02:08.034085,595.91
2025-10-29 13:02:08.034085,462.64
2025-10-29 14:02:08.034085,603.61
2025-10-29 15:02:08.034085,448.52
2025-10-29 16:02:08.034085,478.31
2025-10-29 17:02:08.034085,252.28
2025-10-29 18:02:08.034085,212.38
2025-10-29 19:02:08.034085,139.21
2025-10-29 20:02:08.034085,63.91
2025-10-29 21:02:08.034085,42.83
2025-10-29 22:02:08.034085,18.7
2025-10-29 23:02:08.034085,10.3
2025-10-30 00:02:08.034085,0.5
2025-10-30 01:02:08.034085,1.44
2025-10-30 02:02:08.034085,2.42
2025-10-30 03:02:08.034085,7.81
2025-10-30 04:02:08.034085,20.55
2025-10-30 05:02:08.034085,42.8
2025-10-30 06:02:08.034085,57.35
2025-10-30 07:02:08.034085,127.49
2025-10-30 08:02:08.034085,193.73
2025-10-30 09:02:08.034085,248.46
2025-10-30 10:02:08.034085,412.59
2025-10-30 11:02:08.034085,369.98
2025-10-30 12:02:08.034085,540.08
2025-10-30 13:02:08.034085,589.59
2025-10-30 14:02:08.034085,412.43
2025-10-30 15:02:08.034085,370.59
2025-10-30 16:02:08.034085,328.28
2025-10-30 17:02:08.034085,359.44
2025-10-30 18:02:08.034085,210.38
2025-10-30 19:02:08.034085,120.54
2025-10-30 20:02:08.034085,53.93
2025-10-30 21:02:08.034085,37.21
2025-10-30 22:02:08.034085,21.79
2025-10-30 23:02:08.034085,8.0
2025-10-31 00:02:08.034085,0.42
2025-10-31 01:02:08.034085,1.5
2025-10-31 02:02:08.034085,4.2
2025-10-31 03:02:08.034085,8.96
2025-10-31 04:02:08.034085,15.45
2025-10-31 05:02:08.034085,27.84
2025-10-31 06:02:08.034085,67.2
2025-10-31 07:02:08.034085,135.52
2025-10-31 08:02:08.034085,183.44
2025-10-31 09:02:08.034085,217.92
2025-10-31 10:02:08.034085,371.34
2025-10-31 11:02:08.034085,360.35
2025-10-31 12:02:08.034085,314.98
2025-10-31 13:02:08.034085,502.88
2025-10-31 14:02:08.034085,520.32
2025-10-31 15:02:08.034085,540.88
2025-10-31 16:02:08.034085,345.28
2025-10-31 17:02:08.034085,256.72
2025-10-31 18:02:08.034085,202.27
2025-10-31 19:02:08.034085,110.98
2025-10-31 20:02:08.034085,76.31
2025-10-31 21:02:08.034085,38.3
2025-10-31 22:02:08.034085,23.72
2025-10-31 23:02:08.034085,8.48
2025-11-01 00:02:08.034085,0.43
2025-11-01 01:02:08.034085,1.12
2025-11-01 02:02:08.034085,3.74
2025-11-01 03:02:08.034085,9.39
2025-11-01 04:02:08.034085,18.13
2025-11-01 05:02:08.034085,38.18
2025-11-01 06:02:08.034085,57.77
2025-11-01 07:02:08.034085,81.54
2025-11-01 08:02:08.034085,152.97
2025-11-01 09:02:08.034085,262.4
2025-11-01 10:02:08.034085,280.47
2025-11-01 11:02:08.034085,354.26
2025-11-01 12:02:08.034085,485.65
2025-11-01 13:02:08.034085,365.14
2025-11-01 14:02:08.034085,439.99
2025-11-01 15:02:08.034085,387.99
2025-11-01 16:02:08.034085,336.34
2025-11-01 17:02:08.034085,214.14
2025-11-01 18:02:08.034085,157.3
2025-11-01 19:02:08.034085,102.77
2025-11-01 20:02:08.034085,66.64
2025-11-01 21:02:08.034085,26.99
2025-11-01 22:02:08.034085,13.85
2025-11-01 23:02:08.034085,8.99
2025-11-02 00:02:08.034085,0.41
2025-11-02 01:02:08.034085,1.2
2025-11-02 02:02:08.034085,2.54
2025-11-02 03:02:08.034085,6.97
2025-11-02 04:02:08.034085,18.86
2025-11-02 05:02:08.034085,34.08
2025-11-02 06:02:08.034085,55.24
2025-11-02 07:02:08.034085,134.51
2025-11-02 08:02:08.034085,113.93
2025-11-02 09:02:08.034085,178.21
2025-11-02 10:02:08.034085,335.53
2025-11-02 11:02:08.034085,476.77
2025-11-02 12:02:08.034085,493.05
2025-11-02 13:02:08.034085,463.04
2025-11-02 14:02:08.034085,272.94
2025-11-02 15:02:08.034085,444.52
2025-11-02 16:02:08.034085,361.62
2025-11-02 17:02:08.034085,267.86
2025-11-02 18:02:08.034085,145.5
2025-11-02 19:02:08.034085,96.38
2025-11-02 20:02:08.034085,64.92
2025-11-02 21:02:08.034085,33.4
2025-11-02 22:02:08.034085,18.46
2025-11-02 23:02:08.034085,8.28
2025-11-03 00:02:08.034085,0.5
2025-11-03 01:02:08.034085,1.12
2025-11-03 02:02:08.034085,3.86
2025-11-03 03:02:08.034085,8.28
2025-11-03 04:02:08.034085,19.31
2025-11-03 05:02:08.034085,33.13
2025-11-03 06:02:08.034085,55.89
2025-11-03 07:02:08.034085,105.9
2025-11-03 08:02:08.034085,148.59
2025-11-03 09:02:08.034085,274.91
2025-11-03 10:02:08.034085,318.1
2025-11-03 11:02:08.034085,354.03
2025-11-03 12:02:08.034085,461.05
2025-11-03 13:02:08.034085,496.62
2025-11-03 14:02:08.034085,486.76
2025-11-03 15:02:08.034085,349.01
2025-11-03 16:02:08.034085,292.01
2025-11-03 17:02:08.034085,228.33
2025-11-03 18:02:08.034085,144.36
2025-11-03 19:02:08.034085,112.1
2025-11-03 20:02:08.034085,58.94
2025-11-03 21:02:08.034085,37.88
2025-11-03 22:02:08.034085,14.28
2025-11-03 23:02:08.034085,9.03
2025-11-04 00:02:08.034085,0.55
2025-11-04 01:02:08.034085,1.39
2025-11-04 02:02:08.034085,2.61
2025-11-04 03:02:08.034085,7.64
2025-11-04 04:02:08.034085,20.14
2025-11-04 05:02:08.034085,41.67
2025-11-04 06:02:08.034085,68.12
2025-11-04 07:02:08.034085,114.4
2025-11-04 08:02:08.034085,160.12
2025-11-04 09:02:08.034085,218.29
2025-11-04 10:02:08.034085,402.66
2025-11-04 11:02:08.034085,375.65
2025-11-04 12:02:08.034085,364.26
2025-11-04 13:02:08.034085,411.07
2025-11-04 14:02:08.034085,324.94
2025-11-04 15:02:08.034085,294.34
2025-11-04 16:02:08.034085,405.26
2025-11-04 17:02:08.034085,221.24
2025-11-04 18:02:08.034085,166.07
2025-11-04 19:02:08.034085,81.4
2025-11-04 20:02:08.034085,54.53
2025-11-04 21:02:08.034085,30.71
2025-11-04 22:02:08.034085,15.57
2025-11-04 23:02:08.034085,8.4
2025-11-05 00:02:08.034085,0.39
2025-11-05 01:02:08.034085,1.23
2025-11-05 02:02:08.034085,3.21
2025-11-05 03:02:08.034085,7.59
2025-11-05 04:02:08.034085,17.05
2025-11-05 05:02:08.034085,32.94
2025-11-05 06:02:08.034085,64.52
2025-11-05 07:02:08.034085,120.44
2025-11-05 08:02:08.034085,207.51
2025-11-05 09:02:08.034085,215.02
2025-11-05 10:02:08.034085,277.94
2025-11-05 11:02:08.034085,364.98
2025-11-05 12:02:08.034085,272.28
2025-11-05 13:02:08.034085,476.76
2025-11-05 14:02:08.034085,490.42
2025-11-05 15:02:08.034085,377.72
2025-11-05 16:02:08.034085,323.06
2025-11-05 17:02:08.034085,287.71
2025-11-05 18:02:08.034085,164.84
2025-11-05 19:02:08.034085,133.86
2025-11-05 20:02:08.034085,63.54
2025-11-05 21:02:08.034085,32.62
2025-11-05 22:02:08.034085,14.42
2025-11-05 23:02:08.034085,9.09
2025-11-06 00:02:08.034085,0.46
2025-11-06 01:02:08.034085,1.46
2025-11-06 02:02:08.034085,4.16
2025-11-06 03:02:08.034085,7.21
2025-11-06 04:02:08.034085,16.25
2025-11-06 05:02:08.034085,37.14
2025-11-06 06:02:08.034085,55.81
2025-11-06 07:02:08.034085,93.17
2025-11-06 08:02:08.034085,162.88
2025-11-06 09:02:08.034085,237.92
2025-11-06 10:02:08.034085,322.57
2025-11-06 11:02:08.034085,374.62
2025-11-06 12:02:08.034085,462.35
2025-11-06 13:02:08.034085,484.18
2025-11-06 14:02:08.034085,494.48
2025-11-06 15:02:08.034085,383.51
2025-11-06 16:02:08.034085,239.83
2025-11-06 17:02:08.034085,242.83
2025-11-06 18:02:08.034085,212.49
2025-11-06 19:02:08.034085,98.81
2025-11-06 20:02:08.034085,40.88
2025-11-06 21:02:08.034085,33.44
2025-11-06 22:02:08.034085,18.38
2025-11-06 23:02:08.034085,7.86
2025-11-07 00:02:08.034085,0.48
2025-11-07 01:02:08.034085,1.11
2025-11-07 02:02:08.034085,3.23
2025-11-07 03:02:08.034085,8.68
2025-11-07 04:02:08.034085,16.32
2025-11-07 05:02:08.034085,36.89
2025-11-07 06:02:08.034085,59.0
2025-11-07 07:02:08.034085,99.85
2025-11-07 08:02:08.034085,172.44
2025-11-07 09:02:08.034085,205.66
2025-11-07 10:02:08.034085,310.7
2025-11-07 11:02:08.034085,428.54
2025-11-07 12:02:08.034085,361.41
2025-11-07 13:02:08.034085,558.1
2025-11-07 14:02:08.034085,339.29
2025-11-07 15:02:08.034085,420.16
2025-11-07 16:02:08.034085,321.92
2025-11-07 17:02:08.034085,287.42
2025-11-07 18:02:08.034085,178.55
2025-11-07 19:02:08.034085,92.6
2025-11-07 20:02:08.034085,59.73
2025-11-07 21:02:08.034085,35.63
2025-11-07 22:02:08.034085,15.36
2025-11-07 23:02:08.034085,8.88
2025-11-08 00:02:08.034085,0.45
2025-11-08 01:02:08.034085,1.29
2025-11-08 02:02:08.034085,3.11
2025-11-08 03:02:08.034085,7.05
2025-11-08 04:02:08.034085,17.58
2025-11-08 05:02:08.034085,40.22
2025-11-08 06:02:08.034085,51.55
2025-11-08 07:02:08.034085,114.54
2025-11-08 08:02:08.034085,157.7
2025-11-08 09:02:08.034085,201.43
2025-11-08 10:02:08.034085,310.99
2025-11-08 11:02:08.034085,313.28
2025-11-08 12:02:08.034085,492.45
2025-11-08 13:02:08.034085,362.89
2025-11-08 14:02:08.034085,354.55
2025-11-08 15:02:08.034085,328.12
2025-11-08 16:02:08.034085,370.93
2025-11-08 17:02:08.034085,243.31
2025-11-08 18:02:08.034085,209.47
2025-11-08 19:02:08.034085,114.92
2025-11-08 20:02:08.034085,74.11
2025-11-08 21:02:08.034085,29.11
2025-11-08 22:02:08.034085,16.55
2025-11-08 23:02:08.034085,5.95
2025-11-09 00:02:08.034085,0.49
2025-11-09 01:02:08.034085,0.93
2025-11-09 02:02:08.034085,3.72
2025-11-09 03:02:08.034085,6.65
2025-11-09 04:02:08.034085,15.58
2025-11-09 05:02:08.034085,31.76
2025-11-09 06:02:08.034085,56.65
2025-11-09 07:02:08.034085,104.25
2025-11-09 08:02:08.034085,165.49
2025-11-09 09:02:08.034085,237.97
2025-11-09 10:02:08.034085,277.8
2025-11-09 11:02:08.034085,500.71
2025-11-09 12:02:08.034085,549.14
2025-11-09 13:02:08.034085,538.82
2025-11-09 14:02:08.034085,399.89
2025-11-09 15:02:08.034085,374.04
2025-11-09 16:02:08.034085,327.26
2025-11-09 17:02:08.034085,260.69
2025-11-09 18:02:08.034085,110.3
2025-11-09 19:02:08.034085,77.89
2025-11-09 20:02:08.034085,63.49
2025-11-09 21:02:08.034085,35.42
2025-11-09 22:02:08.034085,20.67
2025-11-09 23:02:08.034085,8.39
2025-11-10 00:02:08.034085,0.42
2025-11-10 01:02:08.034085,0.98
2025-11-10 02:02:08.034085,3.43
2025-11-10 03:02:08.034085,7.18
2025-11-10 04:02:08.034085,17.68
2025-11-10 05:02:08.034085,39.34
2025-11-10 06:02:08.034085,52.68
2025-11-10 07:02:08.034085,95.78
2025-11-10 08:02:08.034085,149.54
2025-11-10 09:02:08.034085,249.66
2025-11-10 10:02:08.034085,305.62
2025-11-10 11:02:08.034085,470.15
2025-11-10 12:02:08.034085,510.73
2025-11-10 13:02:08.034085,463.46
2025-11-10 14:02:08.034085,492.72
2025-11-10 15:02:08.034085,414.41
2025-11-10 16:02:08.034085,326.88
2025-11-10 17:02:08.034085,228.37
2025-11-10 18:02:08.034085,182.75
2025-11-10 19:02:08.034085,84.51
2025-11-10 20:02:08.034085,64.7
2025-11-10 21:02:08.034085,33.0
2025-11-10 22:02:08.034085,17.77
2025-11-10 23:02:08.034085,9.36
2025-11-11 00:02:08.034085,0.4
2025-11-11 01:02:08.034085,1.43
2025-11-11 02:02:08.034085,2.96
2025-11-11 03:02:08.034085,9.95
2025-11-11 04:02:08.034085,15.06
2025-11-11 05:02:08.034085,30.29
2025-11-11 06:02:08.034085,73.4
2025-11-11 07:02:08.034085,125.04
2025-11-11 08:02:08.034085,144.91
2025-11-11 09:02:08.034085,158.26
2025-11-11 10:02:08.034085,343.36
2025-11-11 11:02:08.034085,459.5
2025-11-11 12:02:08.034085,359.36
2025-11-11 13:02:08.034085,336.44
2025-11-11 14:02:08.034085,358.17
2025-11-11 15:02:08.034085,413.84
2025-11-11 16:02:08.034085,310.27
2025-11-11 17:02:08.034085,226.88
2025-11-11 18:02:08.034085,158.27
2025-11-11 19:02:08.034085,92.06
2025-11-11 20:02:08.034085,56.01
2025-11-11 21:02:08.034085,27.51
2025-11-11 22:02:08.034085,12.44
2025-11-11 23:02:08.034085,6.44
2025-11-12 00:02:08.034085,0.45
2025-11-12 01:02:08.034085,1.28
2025-11-12 02:02:08.034085,3.13
2025-11-12 03:02:08.034085,7.06
2025-11-12 04:02:08.034085,14.66
2025-11-12 05:02:08.034085,23.2
2025-11-12 06:02:08.034085,54.99
2025-11-12 07:02:08.034085,95.0
2025-11-12 08:02:08.034085,141.9
2025-11-12 09:02:08.034085,296.02
2025-11-12 10:02:08.034085,376.28
2025-11-12 11:02:08.034085,325.05
2025-11-12 12:02:08.034085,403.42
2025-11-12 13:02:08.034085,582.65
2025-11-12 14:02:08.034085,443.48
2025-11-12 15:02:08.034085,390.43
2025-11-12 16:02:08.034085,301.1
2025-11-12 17:02:08.034085,269.13
2025-11-12 18:02:08.034085,147.41
2025-11-12 19:02:08.034085,106.22
2025-11-12 20:02:08.034085,74.16
2025-11-12 21:02:08.034085,29.39
2025-11-12 22:02:08.034085,14.13
2025-11-12 23:02:08.034085,8.15
2025-11-13 00:02:08.034085,0.37
2025-11-13 01:02:08.034085,1.17
2025-11-13 02:02:08.034085,3.71
2025-11-13 03:02:08.034085,5.9
2025-11-13 04:02:08.034085,19.19
2025-11-13 05:02:08.034085,36.48
2025-11-13 06:02:08.034085,68.23
2025-11-13 07:02:08.034085,135.63
2025-11-13 08:02:08.034085,195.89
2025-11-13 09:02:08.034085,261.26
2025-11-13 10:02:08.034085,375.53
2025-11-13 11:02:08.034085,370.56
2025-11-13 12:02:08.034085,495.49
2025-11-13 13:02:08.034085,457.74
2025-11-13 14:02:08.034085,389.26
2025-11-13 15:02:08.034085,415.09
2025-11-13 16:02:08.034085,281.48
2025-11-13 17:02:08.034085,265.33
2025-11-13 18:02:08.034085,179.3
2025-11-13 19:02:08.034085,100.64
2025-11-13 20:02:08.034085,55.7
2025-11-13 21:02:08.034085,31.65
2025-11-13 22:02:08.034085,12.67
2025-11-13 23:02:08.034085,7.58
2025-11-14 00:02:08.034085,0.58
2025-11-14 01:02:08.034085,1.13
2025-11-14 02:02:08.034085,3.51
2025-11-14 03:02:08.034085,8.26
2025-11-14 04:02:08.034085,15.18
2025-11-14 05:02:08.034085,33.85
2025-11-14 06:02:08.034085,76.28
2025-11-14 07:02:08.034085,85.41
2025-11-14 08:02:08.034085,158.23
2025-11-14 09:02:08.034085,218.38
2025-11-14 10:02:08.034085,408.28
2025-11-14 11:02:08.034085,415.02
2025-11-14 12:02:08.034085,381.92
2025-11-14 13:02:08.034085,589.51
2025-11-14 14:02:08.034085,444.86
2025-11-14 15:02:08.034085,381.62
2025-11-14 16:02:08.034085,267.78
2025-11-14 17:02:08.034085,271.66
2025-11-14 18:02:08.034085,100.93
2025-11-14 19:02:08.034085,116.68
2025-11-14 20:02:08.034085,68.16
2025-11-14 21:02:08.034085,33.94
2025-11-14 22:02:08.034085,21.61
2025-11-14 23:02:08.034085,7.75
2025-11-15 00:02:08.034085,0.57
2025-11-15 01:02:08.034085,1.32
2025-11-15 02:02:08.034085,3.37
2025-11-15 03:02:08.034085,6.41
2025-11-15 04:02:08.034085,17.0
2025-11-15 05:02:08.034085,38.58
2025-11-15 06:02:08.034085,63.23
2025-11-15 07:02:08.034085,89.38
2025-11-15 08:02:08.034085,194.89
2025-11-15 09:02:08.034085,240.75
2025-11-15 10:02:08.034085,267.29
2025-11-15 11:02:08.034085,454.74
2025-11-15 12:02:08.034085,430.76
2025-11-15 13:02:08.034085,352.77
2025-11-15 14:02:08.034085,405.8
2025-11-15 15:02:08.034085,457.69
2025-11-15 16:02:08.034085,329.59
2025-11-15 17:02:08.034085,208.87
2025-11-15 18:02:08.034085,150.09
2025-11-15 19:02:08.034085,93.79
2025-11-15 20:02:08.034085,55.95
2025-11-15 21:02:08.034085,42.17
2025-11-15 22:02:08.034085,17.98
2025-11-15 23:02:08.034085,9.16
2025-11-16 00:02:08.034085,0.48
2025-11-16 01:02:08.034085,1.23
2025-11-16 02:02:08.034085,3.62
2025-11-16 03:02:08.034085,9.05
2025-11-16 04:02:08.034085,15.13
2025-11-16 05:02:08.034085,35.05
2025-11-16 06:02:08.034085,69.99
2025-11-16 07:02:08.034085,107.0
2025-11-16 08:02:08.034085,144.64
2025-11-16 09:02:08.034085,250.68
2025-11-16 10:02:08.034085,343.78
2025-11-16 11:02:08.034085,385.32
2025-11-16 12:02:08.034085,376.79
2025-11-16 13:02:08.034085,353.55
2025-11-16 14:02:08.034085,501.29
2025-11-16 15:02:08.034085,365.75
2025-11-16 16:02:08.034085,249.05
2025-11-16 17:02:08.034085,257.1
2025-11-16 18:02:08.034085,142.7
2025-11-16 19:02:08.034085,123.15
2025-11-16 20:02:08.034085,59.91
2025-11-16 21:02:08.034085,38.0
2025-11-16 22:02:08.034085,14.17
2025-11-16 23:02:08.034085,7.71
2025-11-17 00:02:08.034085,0.56
2025-11-17 01:02:08.034085,1.31
2025-11-17 02:02:08.034085,2.17
2025-11-17 03:02:08.034085,6.07
2025-11-17 04:02:08.034085,18.39
2025-11-17 05:02:08.034085,32.94
2025-11-17 06:02:08.034085,60.08
2025-11-17 07:02:08.034085,82.85
2025-11-17 08:02:08.034085,206.46
2025-11-17 09:02:08.034085,253.47
2025-11-17 10:02:08.034085,263.36
2025-11-17 11:02:08.034085,461.77
2025-11-17 12:02:08.034085,421.0
2025-11-17 13:02:08.034085,533.29
2025-11-17 14:02:08.034085,471.48
2025-11-17 15:02:08.034085,313.91
2025-11-17 16:02:08.034085,316.16
2025-11-17 17:02:08.034085,249.5
2025-11-17 18:02:08.034085,136.1
2025-11-17 19:02:08.034085,135.63
2025-11-17 20:02:08.034085,73.1
2025-11-17 21:02:08.034085,24.8
2025-11-17 22:02:08.034085,14.37
2025-11-17 23:02:08.034085,8.76
2025-11-18 00:02:08.034085,0.46
2025-11-18 01:02:08.034085,1.4
2025-11-18 02:02:08.034085,4.22
2025-11-18 03:02:08.034085,7.86
2025-11-18 04:02:08.034085,16.57
2025-11-18 05:02:08.034085,36.89
2025-11-18 06:02:08.034085,69.38
2025-11-18 07:02:08.034085,100.08
2025-11-18 08:02:08.034085,172.73
2025-11-18 09:02:08.034085,229.02
2025-11-18 10:02:08.034085,337.3
2025-11-18 11:02:08.034085,361.34
2025-11-18 12:02:08.034085,452.82
2025-11-18 13:02:08.034085,553.59
2025-11-18 14:02:08.034085,556.68
2025-11-18 15:02:08.034085,342.99
2025-11-18 16:02:08.034085,303.15
2025-11-18 17:02:08.034085,203.28
2025-11-18 18:02:08.034085,154.71
2025-11-18 19:02:08.034085,89.62
2025-11-18 20:02:08.034085,58.13
2025-11-18 21:02:08.034085,43.25
2025-11-18 22:02:08.034085,16.99
2025-11-18 23:02:08.034085,7.53
2025-11-19 00:02:08.034085,0.38
2025-11-19 01:02:08.034085,1.25
2025-11-19 02:02:08.034085,4.22
2025-11-19 03:02:08.034085,8.46
2025-11-19 04:02:08.034085,18.98
2025-11-19 05:02:08.034085,32.73
2025-11-19 06:02:08.034085,58.14
2025-11-19 07:02:08.034085,98.44
2025-11-19 08:02:08.034085,195.84
2025-11-19 09:02:08.034085,219.24
2025-11-19 10:02:08.034085,281.25
2025-11-19 11:02:08.034085,461.05
2025-11-19 12:02:08.034085,361.03
2025-11-19 13:02:08.034085,372.12
2025-11-19 14:02:08.034085,503.29
2025-11-19 15:02:08.034085,370.67
2025-11-19 16:02:08.034085,326.5
2025-11-19 17:02:08.034085,156.4
2025-11-19 18:02:08.034085,165.09
2025-11-19 19:02:08.034085,96.12
2025-11-19 20:02:08.034085,42.17
2025-11-19 21:02:08.034085,34.36
2025-11-19 22:02:08.034085,15.15
2025-11-19 23:02:08.034085,6.37
2025-11-20 00:02:08.034085,0.43
2025-11-20 01:02:08.034085,1.16
2025-11-20 02:02:08.034085,3.65
2025-11-20 03:02:08.034085,7.62
2025-11-20 04:02:08.034085,12.03
2025-11-20 05:02:08.034085,30.37
2025-11-20 06:02:08.034085,79.78
2025-11-20 07:02:08.034085,121.64
2025-11-20 08:02:08.034085,187.75
2025-11-20 09:02:08.034085,204.76
2025-11-20 10:02:08.034085,273.26
2025-11-20 11:02:08.034085,487.38
2025-11-20 12:02:08.034085,510.11
2025-11-20 13:02:08.034085,466.06
2025-11-20 14:02:08.034085,439.47
2025-11-20 15:02:08.034085,349.87
2025-11-20 16:02:08.034085,201.71
2025-11-20 17:02:08.034085,236.14
2025-11-20 18:02:08.034085,153.25
2025-11-20 19:02:08.034085,115.28
2025-11-20 20:02:08.034085,63.39
2025-11-20 21:02:08.034085,30.39
2025-11-20 22:02:08.034085,16.35
2025-11-20 23:02:08.034085,6.67
2025-11-21 00:02:08.034085,0.44
2025-11-21 01:02:08.034085,1.23
2025-11-21 02:02:08.034085,3.51
2025-11-21 03:02:08.034085,8.17
2025-11-21 04:02:08.034085,18.47
2025-11-21 05:02:08.034085,23.21
2025-11-21 06:02:08.034085,63.13
2025-11-21 07:02:08.034085,86.85
2025-11-21 08:02:08.034085,164.46
2025-11-21 09:02:08.034085,189.66
2025-11-21 10:02:08.034085,260.41
2025-11-21 11:02:08.034085,428.53
2025-11-21 12:02:08.034085,384.72
2025-11-21 13:02:08.034085,429.03
2025-11-21 14:02:08.034085,426.74
2025-11-21 15:02:08.034085,346.2
2025-11-21 16:02:08.034085,368.16
2025-11-21 17:02:08.034085,239.92
2025-11-21 18:02:08.034085,185.43
2025-11-21 19:02:08.034085,115.51
2025-11-21 20:02:08.034085,66.97
2025-11-21 21:02:08.034085,36.28
2025-11-21 22:02:08.034085,19.04
2025-11-21 23:02:08.034085,6.74
2025-11-22 00:02:08.034085,0.44
2025-11-22 01:02:08.034085,0.98
2025-11-22 02:02:08.034085,2.49
2025-11-22 03:02:08.034085,6.29
2025-11-22 04:02:08.034085,18.07
2025-11-22 05:02:08.034085,36.36
2025-11-22 06:02:08.034085,64.32
2025-11-22 07:02:08.034085,102.65
2025-11-22 08:02:08.034085,194.21
2025-11-22 09:02:08.034085,228.43
2025-11-22 10:02:08.034085,297.66
2025-11-22 11:02:08.034085,419.29
2025-11-22 12:02:08.034085,413.32
2025-11-22 13:02:08.034085,403.06
2025-11-22 14:02:08.034085,450.8
2025-11-22 15:02:08.034085,415.38
2025-11-22 16:02:08.034085,287.05
2025-11-22 17:02:08.034085,209.94
2025-11-22 18:02:08.034085,147.54
2025-11-22 19:02:08.034085,102.44
2025-11-22 20:02:08.034085,73.87
2025-11-22 21:02:08.034085,41.87
2025-11-22 22:02:08.034085,15.74
2025-11-22 23:02:08.034085,9.31
2025-11-23 00:02:08.034085,0.4
2025-11-23 01:02:08.034085,1.25
2025-11-23 02:02:08.034085,2.13
2025-11-23 03:02:08.034085,7.43
2025-11-23 04:02:08.034085,15.82
2025-11-23 05:02:08.034085,30.85
2025-11-23 06:02:08.034085,79.78
2025-11-23 07:02:08.034085,102.87
2025-11-23 08:02:08.034085,170.32
2025-11-23 09:02:08.034085,281.91
2025-11-23 10:02:08.034085,303.04
2025-11-23 11:02:08.034085,465.15
2025-11-23 12:02:08.034085,346.57
2025-11-23 13:02:08.034085,589.51
2025-11-23 14:02:08.034085,493.71
2025-11-23 15:02:08.034085,269.66
2025-11-23 16:02:08.034085,299.37
2025-11-23 17:02:08.034085,212.99
2025-11-23 18:02:08.034085,140.45
2025-11-23 19:02:08.034085,80.49
2025-11-23 20:02:08.034085,74.51
2025-11-23 21:02:08.034085,28.25
2025-11-23 22:02:08.034085,16.15
2025-11-23 23:02:08.034085,7.98
2025-11-24 00:02:08.034085,0.42
2025-11-24 01:02:08.034085,1.65
2025-11-24 02:02:08.034085,3.71
2025-11-24 03:02:08.034085,8.78
2025-11-24 04:02:08.034085,13.99
2025-11-24 05:02:08.034085,36.8
2025-11-24 06:02:08.034085,56.4
2025-11-24 07:02:08.034085,117.59
2025-11-24 08:02:08.034085,168.69
2025-11-24 09:02:08.034085,185.38
2025-11-24 10:02:08.034085,306.06
2025-11-24 11:02:08.034085,316.23
2025-11-24 12:02:08.034085,408.1
2025-11-24 13:02:08.034085,580.29
2025-11-24 14:02:08.034085,414.62
2025-11-24 15:02:08.034085,378.5
2025-11-24 16:02:08.034085,240.14
2025-11-24 17:02:08.034085,196.28
2025-11-24 18:02:08.034085,203.23
2025-11-24 19:02:08.034085,106.99
2025-11-24 20:02:08.034085,69.31
2025-11-24 21:02:08.034085,25.45
2025-11-24 22:02:08.034085,17.64
2025-11-24 23:02:08.034085,7.69
2025-11-25 00:02:08.034085,0.58
2025-11-25 01:02:08.034085,0.91
2025-11-25 02:02:08.034085,3.2
2025-11-25 03:02:08.034085,8.11
2025-11-25 04:02:08.034085,16.29
2025-11-25 05:02:08.034085,32.06
2025-11-25 06:02:08.034085,63.18
2025-11-25 07:02:08.034085,91.55
2025-11-25 08:02:08.034085,212.49
2025-11-25 09:02:08.034085,185.87
2025-11-25 10:02:08.034085,336.1
2025-11-25 11:02:08.034085,446.78
2025-11-25 12:02:08.034085,466.58
2025-11-25 13:02:08.034085,518.96
2025-11-25 14:02:08.034085,444.39
2025-11-25 15:02:08.034085,360.79
2025-11-25 16:02:08.034085,309.68
2025-11-25 17:02:08.034085,285.95
2025-11-25 18:02:08.034085,180.93
2025-11-25 19:02:08.034085,124.7
2025-11-25 20:02:08.034085,59.66
2025-11-25 21:02:08.034085,29.9
2025-11-25 22:02:08.034085,14.07
2025-11-25 23:02:08.034085,9.5
2025-11-26 00:02:08.034085,0.39
2025-11-26 01:02:08.034085,1.47
2025-11-26 02:02:08.034085,3.69
2025-11-26 03:02:08.034085,6.65
2025-11-26 04:02:08.034085,18.51
2025-11-26 05:02:08.034085,37.33
2025-11-26 06:02:08.034085,66.25
2025-11-26 07:02:08.034085,115.23
2025-11-26 08:02:08.034085,196.2
2025-11-26 09:02:08.034085,227.56
2025-11-26 10:02:08.034085,287.59
2025-11-26 11:02:08.034085,384.36
2025-11-26 12:02:08.034085,396.85
2025-11-26 13:02:08.034085,415.86
2025-11-26 14:02:08.034085,410.82
2025-11-26 15:02:08.034085,437.11
2025-11-26 16:02:08.034085,288.3
2025-11-26 17:02:08.034085,191.01
2025-11-26 18:02:08.034085,150.58
2025-11-26 19:02:08.034085,121.03
2025-11-26 20:02:08.034085,50.87
2025-11-26 21:02:08.034085,33.15
2025-11-26 22:02:08.034085,17.65
2025-11-26 23:02:08.034085,7.19
2025-11-27 00:02:08.034085,0.43
2025-11-27 01:02:08.034085,1.25
2025-11-27 02:02:08.034085,4.17
2025-11-27 03:02:08.034085,7.89
2025-11-27 04:02:08.034085,15.84
2025-11-27 05:02:08.034085,31.38
2025-11-27 06:02:08.034085,65.62
2025-11-27 07:02:08.034085,115.33
2025-11-27 08:02:08.034085,188.06
2025-11-27 09:02:08.034085,291.14
2025-11-27 10:02:08.034085,320.28
2025-11-27 11:02:08.034085,359.13
2025-11-27 12:02:08.034085,325.43
2025-11-27 13:02:08.034085,364.99
2025-11-27 14:02:08.034085,375.69
2025-11-27 15:02:08.034085,448.43
2025-11-27 16:02:08.034085,277.41
2025-11-27 17:02:08.034085,258.75
2025-11-27 18:02:08.034085,156.46
2025-11-27 19:02:08.034085,98.52
2025-11-27 20:02:08.034085,71.37
2025-11-27 21:02:08.034085,34.64
2025-11-27 22:02:08.034085,15.01
2025-11-27 23:02:08.034085,8.07
2025-11-28 00:02:08.034085,0.56
2025-11-28 01:02:08.034085,0.8
2025-11-28 02:02:08.034085,3.25
2025-11-28 03:02:08.034085,8.81
2025-11-28 04:02:08.034085,14.37
2025-11-28 05:02:08.034085,37.44
2025-11-28 06:02:08.034085,54.9
2025-11-28 07:02:08.034085,113.68
2025-11-28 08:02:08.034085,161.28
2025-11-28 09:02:08.034085,214.74
2025-11-28 10:02:08.034085,287.04
2025-11-28 11:02:08.034085,401.77
2025-11-28 12:02:08.034085,541.51
2025-11-28 13:02:08.034085,425.2
2025-11-28 14:02:08.034085,412.47
2025-11-28 15:02:08.034085,296.39
2025-11-28 16:02:08.034085,217.43
2025-11-28 17:02:08.034085,260.38
2025-11-28 18:02:08.034085,171.59
2025-11-28 19:02:08.034085,102.18
2025-11-28 20:02:08.034085,77.73
2025-11-28 21:02:08.034085,26.6
2025-11-28 22:02:08.034085,16.91
2025-11-28 23:02:08.034085,8.56
2025-11-29 00:02:08.034085,0.5
2025-11-29 01:02:08.034085,1.42
2025-11-29 02:02:08.034085,1.96
2025-11-29 03:02:08.034085,7.12
2025-11-29 04:02:08.034085,16.75
2025-11-29 05:02:08.034085,32.66
2025-11-29 06:02:08.034085,54.5
2025-11-29 07:02:08.034085,104.82
2025-11-29 08:02:08.034085,175.61
2025-11-29 09:02:08.034085,306.81
2025-11-29 10:02:08.034085,327.06
2025-11-29 11:02:08.034085,369.65
2025-11-29 12:02:08.034085,481.4
2025-11-29 13:02:08.034085,503.65
2025-11-29 14:02:08.034085,534.03
2025-11-29 15:02:08.034085,466.5
2025-11-29 16:02:08.034085,350.65
2025-11-29 17:02:08.034085,254.13
2025-11-29 18:02:08.034085,142.3
2025-11-29 19:02:08.034085,103.25
2025-11-29 20:02:08.034085,65.96
2025-11-29 21:02:08.034085,36.32
2025-11-29 22:02:08.034085,18.13
2025-11-29 23:02:08.034085,7.42
2025-11-30 00:02:08.034085,0.38
2025-11-30 01:02:08.034085,1.33
2025-11-30 02:02:08.034085,3.43
2025-11-30 03:02:08.034085,7.19
2025-11-30 04:02:08.034085,15.95
2025-11-30 05:02:08.034085,32.57
2025-11-30 06:02:08.034085,57.99
2025-11-30 07:02:08.034085,116.17
2025-11-30 08:02:08.034085,165.15
2025-11-30 09:02:08.034085,277.69
2025-11-30 10:02:08.034085,204.2
2025-11-30 11:02:08.034085,319.57
2025-11-30 12:02:08.034085,371.36
2025-11-30 13:02:08.034085,504.55
2025-11-30 14:02:08.034085,562.6
2025-11-30 15:02:08.034085,450.33
2025-11-30 16:02:08.034085,317.17
2025-11-30 17:02:08.034085,225.82
2025-11-30 18:02:08.034085,157.22
2025-11-30 19:02:08.034085,95.48
2025-11-30 20:02:08.034085,55.7
2025-11-30 21:02:08.034085,43.25
2025-11-30 22:02:08.034085,21.61
2025-11-30 23:02:08.034085,7.56
2025-12-01 00:02:08.034085,0.28
2025-12-01 01:02:08.034085,1.48
2025-12-01 02:02:08.034085,2.91
2025-12-01 03:02:08.034085,8.39
2025-12-01 04:02:08.034085,14.92
2025-12-01 05:02:08.034085,32.97
2025-12-01 06:02:08.034085,51.3
2025-12-01 07:02:08.034085,93.22
2025-12-01 08:02:08.034085,148.36
2025-12-01 09:02:08.034085,287.55
2025-12-01 10:02:08.034085,265.32
2025-12-01 11:02:08.034085,395.39
2025-12-01 12:02:08.034085,384.75
2025-12-01 13:02:08.034085,552.5
2025-12-01 14:02:08.034085,399.1
2025-12-01 15:02:08.034085,426.45
2025-12-01 16:02:08.034085,205.97
2025-12-01 17:02:08.034085,197.27
2025-12-01 18:02:08.034085,161.24
2025-12-01 19:02:08.034085,96.61
2025-12-01 20:02:08.034085,54.63
2025-12-01 21:02:08.034085,31.67
2025-12-01 22:02:08.034085,15.87
2025-12-01 23:02:08.034085,6.87
2025-12-02 00:02:08.034085,0.39
2025-12-02 01:02:08.034085,1.13
2025-12-02 02:02:08.034085,2.63
2025-12-02 03:02:08.034085,6.63
2025-12-02 04:02:08.034085,14.27
2025-12-02 05:02:08.034085,32.68
2025-12-02 06:02:08.034085,37.81
2025-12-02 07:02:08.034085,108.86
2025-12-02 08:02:08.034085,181.77
2025-12-02 09:02:08.034085,232.14
2025-12-02 10:02:08.034085,252.56
2025-12-02 11:02:08.034085,386.1
2025-12-02 12:02:08.034085,450.26
2025-12-02 13:02:08.034085,357.12
2025-12-02 14:02:08.034085,530.4
2025-12-02 15:02:08.034085,302.43
2025-12-02 16:02:08.034085,227.86
2025-12-02 17:02:08.034085,207.01
2025-12-02 18:02:08.034085,137.62
2025-12-02 19:02:08.034085,82.85
2025-12-02 20:02:08.034085,62.23
2025-12-02 21:02:08.034085,30.66
2025-12-02 22:02:08.034085,13.54
2025-12-02 23:02:08.034085,8.6
2025-12-03 00:02:08.034085,0.4
2025-12-03 01:02:08.034085,1.2
2025-12-03 02:02:08.034085,3.74
2025-12-03 03:02:08.034085,8.11
2025-12-03 04:02:08.034085,14.78
2025-12-03 05:02:08.034085,24.12
2025-12-03 06:02:08.034085,49.31
2025-12-03 07:02:08.034085,109.66
2025-12-03 08:02:08.034085,161.11
2025-12-03 09:02:08.034085,246.15
2025-12-03 10:02:08.034085,318.28
2025-12-03 11:02:08.034085,332.08
2025-12-03 12:02:08.034085,491.7
2025-12-03 13:02:08.034085,524.06
2025-12-03 14:02:08.034085,292.49
2025-12-03 15:02:08.034085,311.56
2025-12-03 16:02:08.034085,312.61
2025-12-03 17:02:08.034085,210.65
2025-12-03 18:02:08.034085,166.55
2025-12-03 19:02:08.034085,127.11
2025-12-03 20:02:08.034085,54.89
2025-12-03 21:02:08.034085,30.4
2025-12-03 22:02:08.034085,14.15
2025-12-03 23:02:08.034085,6.81
2025-12-04 00:02:08.034085,0.48
2025-12-04 01:02:08.034085,1.18
2025-12-04 02:02:08.034085,2.82
2025-12-04 03:02:08.034085,6.56
2025-12-04 04:02:08.034085,19.28
2025-12-04 05:02:08.034085,31.75
2025-12-04 06:02:08.034085,44.8
2025-12-04 07:02:08.034085,77.38
2025-12-04 08:02:08.034085,146.15
2025-12-04 09:02:08.034085,247.3
2025-12-04 10:02:08.034085,244.58
2025-12-04 11:02:08.034085,435.06
2025-12-04 12:02:08.034085,298.78
2025-12-04 13:02:08.034085,305.22
2025-12-04 14:02:08.034085,488.99
2025-12-04 15:02:08.034085,326.55
2025-12-04 16:02:08.034085,348.47
2025-12-04 17:02:08.034085,269.51
2025-12-04 18:02:08.034085,159.81
2025-12-04 19:02:08.034085,97.93
2025-12-04 20:02:08.034085,53.51
2025-12-04 21:02:08.034085,19.67
2025-12-04 22:02:08.034085,18.22
2025-12-04 23:02:08.034085,7.08
2025-12-05 00:02:08.034085,0.31
2025-12-05 01:02:08.034085,0.9
2025-12-05 02:02:08.034085,2.28
2025-12-05 03:02:08.034085,6.54
2025-12-05 04:02:08.034085,12.56
2025-12-05 05:02:08.034085,34.21
2025-12-05 06:02:08.034085,47.21
2025-12-05 07:02:08.034085,100.17
2025-12-05 08:02:08.034085,180.82
2025-12-05 09:02:08.034085,219.05
2025-12-05 10:02:08.034085,290.28
2025-12-05 11:02:08.034085,293.49
2025-12-05 12:02:08.034085,360.56
2025-12-05 13:02:08.034085,325.44
2025-12-05 14:02:08.034085,340.93
2025-12-05 15:02:08.034085,405.29
2025-12-05 16:02:08.034085,203.79
2025-12-05 17:02:08.034085,237.34
2025-12-05 18:02:08.034085,102.93
2025-12-05 19:02:08.034085,103.23
2025-12-05 20:02:08.034085,62.23
2025-12-05 21:02:08.034085,34.34
2025-12-05 22:02:08.034085,14.25
2025-12-05 23:02:08.034085,5.43
2025-12-06 00:02:08.034085,0.37
2025-12-06 01:02:08.034085,1.29
2025-12-06 02:02:08.034085,2.94
2025-12-06 03:02:08.034085,6.11
2025-12-06 04:02:08.034085,18.09
2025-12-06 05:02:08.034085,37.85
2025-12-06 06:02:08.034085,53.2
2025-12-06 07:02:08.034085,98.68
2025-12-06 08:02:08.034085,165.52
2025-12-06 09:02:08.034085,164.06
2025-12-06 10:02:08.034085,273.67
2025-12-06 11:02:08.034085,338.57
2025-12-06 12:02:08.034085,496.63
2025-12-06 13:02:08.034085,544.1
2025-12-06 14:02:08.034085,360.38
2025-12-06 15:02:08.034085,348.21
2025-12-06 16:02:08.034085,306.27
2025-12-06 17:02:08.034085,188.44
2025-12-06 18:02:08.034085,151.69
2025-12-06 19:02:08.034085,127.11
2025-12-06 20:02:08.034085,48.62
2025-12-06 21:02:08.034085,40.08
2025-12-06 22:02:08.034085,18.21
2025-12-06 23:02:08.034085,7.5
2025-12-07 00:02:08.034085,0.48
2025-12-07 01:02:08.034085,1.17
2025-12-07 02:02:08.034085,3.56
2025-12-07 03:02:08.034085,7.55
2025-12-07 04:02:08.034085,16.06
2025-12-07 05:02:08.034085,31.46
2025-12-07 06:02:08.034085,48.81
2025-12-07 07:02:08.034085,81.01
2025-12-07 08:02:08.034085,127.7
2025-12-07 09:02:08.034085,257.6
2025-12-07 10:02:08.034085,317.05
2025-12-07 11:02:08.034085,228.82
2025-12-07 12:02:08.034085,407.22
2025-12-07 13:02:08.034085,468.83
2025-12-07 14:02:08.034085,413.49
2025-12-07 15:02:08.034085,371.26
2025-12-07 16:02:08.034085,349.03
2025-12-07 17:02:08.034085,262.45
2025-12-07 18:02:08.034085,184.19
2025-12-07 19:02:08.034085,78.4
2025-12-07 20:02:08.034085,63.88
2025-12-07 21:02:08.034085,21.27
2025-12-07 22:02:08.034085,12.96
2025-12-07 23:02:08.034085,7.61
2025-12-08 00:02:08.034085,0.33
2025-12-08 01:02:08.034085,0.96
2025-12-08 02:02:08.034085,3.52
2025-12-08 03:02:08.034085,6.73
2025-12-08 04:02:08.034085,13.15
2025-12-08 05:02:08.034085,29.58
2025-12-08 06:02:08.034085,42.31
2025-12-08 07:02:08.034085,106.87
2025-12-08 08:02:08.034085,156.83
2025-12-08 09:02:08.034085,204.19
2025-12-08 10:02:08.034085,271.82
2025-12-08 11:02:08.034085,414.47
2025-12-08 12:02:08.034085,357.36
2025-12-08 13:02:08.034085,414.45
2025-12-08 14:02:08.034085,402.1
2025-12-08 15:02:08.034085,352.56
2025-12-08 16:02:08.034085,304.78
2025-12-08 17:02:08.034085,169.68
2025-12-08 18:02:08.034085,126.67
2025-12-08 19:02:08.034085,87.55
2025-12-08 20:02:08.034085,52.61
2025-12-08 21:02:08.034085,27.91
2025-12-08 22:02:08.034085,15.64
2025-12-08 23:02:08.034085,5.7
2025-12-09 00:02:08.034085,0.43
2025-12-09 01:02:08.034085,1.23
2025-12-09 02:02:08.034085,2.55
2025-12-09 03:02:08.034085,6.65
2025-12-09 04:02:08.034085,13.63
2025-12-09 05:02:08.034085,37.42
2025-12-09 06:02:08.034085,62.29
2025-12-09 07:02:08.034085,78.87
2025-12-09 08:02:08.034085,157.84
2025-12-09 09:02:08.034085,249.44
2025-12-09 10:02:08.034085,332.81
2025-12-09 11:02:08.034085,430.23
2025-12-09 12:02:08.034085,402.87
2025-12-09 13:02:08.034085,385.58
2025-12-09 14:02:08.034085,373.8
2025-12-09 15:02:08.034085,405.67
2025-12-09 16:02:08.034085,231.07
2025-12-09 17:02:08.034085,232.64
2025-12-09 18:02:08.034085,199.15
2025-12-09 19:02:08.034085,100.87
2025-12-09 20:02:08.034085,72.15
2025-12-09 21:02:08.034085,26.11
2025-12-09 22:02:08.034085,13.28
2025-12-09 23:02:08.034085,6.38
2025-12-10 00:02:08.034085,0.46
2025-12-10 01:02:08.034085,1.3
2025-12-10 02:02:08.034085,3.33
2025-12-10 03:02:08.034085,6.8
2025-12-10 04:02:08.034085,17.52
2025-12-10 05:02:08.034085,31.38
2025-12-10 06:02:08.034085,44.41
2025-12-10 07:02:08.034085,73.57
2025-12-10 08:02:08.034085,143.23
2025-12-10 09:02:08.034085,217.87
2025-12-10 10:02:08.034085,245.57
2025-12-10 11:02:08.034085,396.08
2025-12-10 12:02:08.034085,500.67
2025-12-10 13:02:08.034085,430.57
2025-12-10 14:02:08.034085,381.17
2025-12-10 15:02:08.034085,328.36
2025-12-10 16:02:08.034085,269.18
2025-12-10 17:02:08.034085,215.37
2025-12-10 18:02:08.034085,142.87
2025-12-10 19:02:08.034085,98.86
2025-12-10 20:02:08.034085,64.68
2025-12-10 21:02:08.034085,27.31
2025-12-10 22:02:08.034085,19.55
2025-12-10 23:02:08.034085,5.97
2025-12-11 00:02:08.034085,0.51
2025-12-11 01:02:08.034085,1.05
2025-12-11 02:02:08.034085,2.39
2025-12-11 03:02:08.034085,6.5
2025-12-11 04:02:08.034085,17.56
2025-12-11 05:02:08.034085,35.86
2025-12-11 06:02:08.034085,57.98
2025-12-11 07:02:08.034085,69.07
2025-12-11 08:02:08.034085,147.18
2025-12-11 09:02:08.034085,287.55
2025-12-11 10:02:08.034085,302.1
2025-12-11 11:02:08.034085,295.48
2025-12-11 12:02:08.034085,504.32
2025-12-11 13:02:08.034085,359.75
2025-12-11 14:02:08.034085,361.56
2025-12-11 15:02:08.034085,445.59
2025-12-11 16:02:08.034085,300.18
2025-12-11 17:02:08.034085,202.74
2025-12-11 18:02:08.034085,162.55
2025-12-11 19:02:08.034085,64.29
2025-12-11 20:02:08.034085,57.78
2025-12-11 21:02:08.034085,36.1
2025-12-11 22:02:08.034085,17.7
2025-12-11 23:02:08.034085,8.34
2025-12-12 00:02:08.034085,0.47
2025-12-12 01:02:08.034085,1.33
2025-12-12 02:02:08.034085,2.42
2025-12-12 03:02:08.034085,6.13
2025-12-12 04:02:08.034085,16.39
2025-12-12 05:02:08.034085,30.31
2025-12-12 06:02:08.034085,68.26
2025-12-12 07:02:08.034085,89.84
2025-12-12 08:02:08.034085,164.64
2025-12-12 09:02:08.034085,266.54
2025-12-12 10:02:08.034085,329.76
2025-12-12 11:02:08.034085,336.66
2025-12-12 12:02:08.034085,530.4
2025-12-12 13:02:08.034085,552.5
2025-12-12 14:02:08.034085,411.12
2025-12-12 15:02:08.034085,272.94
2025-12-12 16:02:08.034085,330.25
2025-12-12 17:02:08.034085,233.56
2025-12-12 18:02:08.034085,172.43
2025-12-12 19:02:08.034085,104.76
2025-12-12 20:02:08.034085,57.87
2025-12-12 21:02:08.034085,34.68
2025-12-12 22:02:08.034085,18.49
2025-12-12 23:02:08.034085,6.5
2025-12-13 00:02:08.034085,0.45
2025-12-13 01:02:08.034085,0.68
2025-12-13 02:02:08.034085,2.69
2025-12-13 03:02:08.034085,6.28
2025-12-13 04:02:08.034085,14.9
2025-12-13 05:02:08.034085,39.47
2025-12-13 06:02:08.034085,38.11
2025-12-13 07:02:08.034085,86.66
2025-12-13 08:02:08.034085,118.84
2025-12-13 09:02:08.034085,192.46
2025-12-13 10:02:08.034085,337.26
2025-12-13 11:02:08.034085,348.31
2025-12-13 12:02:08.034085,448.5
2025-12-13 13:02:08.034085,309.28
2025-12-13 14:02:08.034085,371.86
2025-12-13 15:02:08.034085,405.13
2025-12-13 16:02:08.034085,202.8
2025-12-13 17:02:08.034085,217.74
2025-12-13 18:02:08.034085,146.68
2025-12-13 19:02:08.034085,92.76
2025-12-13 20:02:08.034085,68.66
2025-12-13 21:02:08.034085,35.8
2025-12-13 22:02:08.034085,12.94
2025-12-13 23:02:08.034085,7.86
2025-12-14 00:02:08.034085,0.38
2025-12-14 01:02:08.034085,1.34
2025-12-14 02:02:08.034085,3.15
2025-12-14 03:02:08.034085,6.82
2025-12-14 04:02:08.034085,17.8
2025-12-14 05:02:08.034085,30.69
2025-12-14 06:02:08.034085,54.92
2025-12-14 07:02:08.034085,96.42
2025-12-14 08:02:08.034085,184.58
2025-12-14 09:02:08.034085,223.4
2025-12-14 10:02:08.034085,276.0
2025-12-14 11:02:08.034085,359.47
2025-12-14 12:02:08.034085,444.84
2025-12-14 13:02:08.034085,420.71
2025-12-14 14:02:08.034085,364.85
2025-12-14 15:02:08.034085,426.18
2025-12-14 16:02:08.034085,287.7
2025-12-14 17:02:08.034085,224.69
2025-12-14 18:02:08.034085,150.44
2025-12-14 19:02:08.034085,106.41
2025-12-14 20:02:08.034085,61.65
2025-12-14 21:02:08.034085,34.97
2025-12-14 22:02:08.034085,17.03
2025-12-14 23:02:08.034085,6.4
2025-12-15 00:02:08.034085,0.46
2025-12-15 01:02:08.034085,1.52
2025-12-15 02:02:08.034085,2.55
2025-12-15 03:02:08.034085,6.48
2025-12-15 04:02:08.034085,15.9
2025-12-15 05:02:08.034085,33.98
2025-12-15 06:02:08.034085,74.77
2025-12-15 07:02:08.034085,97.91
2025-12-15 08:02:08.034085,190.88
2025-12-15 09:02:08.034085,154.41
2025-12-15 10:02:08.034085,258.31
2025-12-15 11:02:08.034085,370.31
2025-12-15 12:02:08.034085,505.64
2025-12-15 13:02:08.034085,444.64
2025-12-15 14:02:08.034085,495.81
2025-12-15 15:02:08.034085,342.61
2025-12-15 16:02:08.034085,290.68
2025-12-15 17:02:08.034085,230.45
2025-12-15 18:02:08.034085,139.79
2025-12-15 19:02:08.034085,86.29
2025-12-15 20:02:08.034085,74.77
2025-12-15 21:02:08.034085,34.93
2025-12-15 22:02:08.034085,16.36
2025-12-15 23:02:08.034085,6.68
2025-12-16 00:02:08.034085,0.34
2025-12-16 01:02:08.034085,1.55
2025-12-16 02:02:08.034085,2.9
2025-12-16 03:02:08.034085,7.37
2025-12-16 04:02:08.034085,15.1
2025-12-16 05:02:08.034085,23.97
2025-12-16 06:02:08.034085,55.83
2025-12-16 07:02:08.034085,87.66
2025-12-16 08:02:08.034085,88.84
2025-12-16 09:02:08.034085,230.51
2025-12-16 10:02:08.034085,352.55
2025-12-16 11:02:08.034085,316.14
2025-12-16 12:02:08.034085,472.94
2025-12-16 13:02:08.034085,405.47
2025-12-16 14:02:08.034085,306.91
2025-12-16 15:02:08.034085,437.4
2025-12-16 16:02:08.034085,315.1
2025-12-16 17:02:08.034085,207.54
2025-12-16 18:02:08.034085,180.59
2025-12-16 19:02:08.034085,105.76
2025-12-16 20:02:08.034085,41.58
2025-12-16 21:02:08.034085,38.96
2025-12-16 22:02:08.034085,17.35
2025-12-16 23:02:08.034085,7.25
2025-12-17 00:02:08.034085,0.43
2025-12-17 01:02:08.034085,0.83
2025-12-17 02:02:08.034085,2.71
2025-12-17 03:02:08.034085,8.19
2025-12-17 04:02:08.034085,18.8
2025-12-17 05:02:08.034085,39.84
2025-12-17 06:02:08.034085,59.47
2025-12-17 07:02:08.034085,88.58
2025-12-17 08:02:08.034085,150.05
2025-12-17 09:02:08.034085,264.74
2025-12-17 10:02:08.034085,241.51
2025-12-17 11:02:08.034085,303.4
2025-12-17 12:02:08.034085,372.66
2025-12-17 13:02:08.034085,434.22
2025-12-17 14:02:08.034085,322.53
2025-12-17 15:02:08.034085,349.72
2025-12-17 16:02:08.034085,241.99
2025-12-17 17:02:08.034085,240.69
2025-12-17 18:02:08.034085,162.45
2025-12-17 19:02:08.034085,102.18
2025-12-17 20:02:08.034085,48.99
2025-12-17 21:02:08.034085,27.88
2025-12-17 22:02:08.034085,16.38
2025-12-17 23:02:08.034085,7.58
2025-12-18 00:02:08.034085,0.42
2025-12-18 01:02:08.034085,1.23
2025-12-18 02:02:08.034085,2.81
2025-12-18 03:02:08.034085,9.33
2025-12-18 04:02:08.034085,17.25
2025-12-18 05:02:08.034085,33.4
2025-12-18 06:02:08.034085,67.05
2025-12-18 07:02:08.034085,121.99
2025-12-18 08:02:08.034085,121.66
2025-12-18 09:02:08.034085,148.13
2025-12-18 10:02:08.034085,348.35
2025-12-18 11:02:08.034085,324.83
2025-12-18 12:02:08.034085,386.56
2025-12-18 13:02:08.034085,380.8
2025-12-18 14:02:08.034085,400.11
2025-12-18 15:02:08.034085,304.38
2025-12-18 16:02:08.034085,286.04
2025-12-18 17:02:08.034085,225.06
2025-12-18 18:02:08.034085,124.9
2025-12-18 19:02:08.034085,96.68
2025-12-18 20:02:08.034085,47.5
2025-12-18 21:02:08.034085,35.9
2025-12-18 22:02:08.034085,14.88
2025-12-18 23:02:08.034085,6.81
2025-12-19 00:02:08.034085,0.44
2025-12-19 01:02:08.034085,1.36
2025-12-19 02:02:08.034085,2.63
2025-12-19 03:02:08.034085,6.74
2025-12-19 04:02:08.034085,14.43
2025-12-19 05:02:08.034085,27.18
2025-12-19 06:02:08.034085,66.92
2025-12-19 07:02:08.034085,86.28
2025-12-19 08:02:08.034085,171.21
2025-12-19 09:02:08.034085,229.93
2025-12-19 10:02:08.034085,274.92
2025-12-19 11:02:08.034085,425.04
2025-12-19 12:02:08.034085,263.19
2025-12-19 13:02:08.034085,428.23
2025-12-19 14:02:08.034085,420.23
2025-12-19 15:02:08.034085,306.48
2025-12-19 16:02:08.034085,329.34
2025-12-19 17:02:08.034085,187.11
2025-12-19 18:02:08.034085,153.11
2025-12-19 19:02:08.034085,96.73
2025-12-19 20:02:08.034085,52.46
2025-12-19 21:02:08.034085,27.09
2025-12-19 22:02:08.034085,18.59
2025-12-19 23:02:08.034085,7.43
2025-12-20 00:02:08.034085,0.46
2025-12-20 01:02:08.034085,1.3
2025-12-20 02:02:08.034085,2.79
2025-12-20 03:02:08.034085,8.45
2025-12-20 04:02:08.034085,11.92
2025-12-20 05:02:08.034085,28.28
2025-12-20 06:02:08.034085,60.2
2025-12-20 07:02:08.034085,104.68
2025-12-20 08:02:08.034085,177.63
2025-12-20 09:02:08.034085,167.01
2025-12-20 10:02:08.034085,220.62
2025-12-20 11:02:08.034085,362.6
2025-12-20 12:02:08.034085,383.23
2025-12-20 13:02:08.034085,552.5
2025-12-20 14:02:08.034085,315.84
2025-12-20 15:02:08.034085,327.41
2025-12-20 16:02:08.034085,282.39
2025-12-20 17:02:08.034085,219.04
2025-12-20 18:02:08.034085,133.48
2025-12-20 19:02:08.034085,95.84
2025-12-20 20:02:08.034085,63.31
2025-12-20 21:02:08.034085,31.45
2025-12-20 22:02:08.034085,16.45
2025-12-20 23:02:08.034085,8.34
2025-12-21 00:02:08.034085,0.47
2025-12-21 01:02:08.034085,1.24
2025-12-21 02:02:08.034085,3.48
2025-12-21 03:02:08.034085,6.36
2025-12-21 04:02:08.034085,18.75
2025-12-21 05:02:08.034085,29.84
2025-12-21 06:02:08.034085,68.79
2025-12-21 07:02:08.034085,127.11
2025-12-21 08:02:08.034085,171.84
2025-12-21 09:02:08.034085,238.78
2025-12-21 10:02:08.034085,259.99
2025-12-21 11:02:08.034085,363.78
2025-12-21 12:02:08.034085,325.75
2025-12-21 13:02:08.034085,476.18
2025-12-21 14:02:08.034085,446.88
2025-12-21 15:02:08.034085,342.37
2025-12-21 16:02:08.034085,249.24
2025-12-21 17:02:08.034085,174.41
2025-12-21 18:02:08.034085,179.89
2025-12-21 19:02:08.034085,112.04
2025-12-21 20:02:08.034085,50.14
2025-12-21 21:02:08.034085,29.62
2025-12-21 22:02:08.034085,15.06
2025-12-21 23:02:08.034085,7.11
2025-12-22 00:02:08.034085,0.34
2025-12-22 01:02:08.034085,1.09
2025-12-22 02:02:08.034085,3.24
2025-12-22 03:02:08.034085,7.27
2025-12-22 04:02:08.034085,16.2
2025-12-22 05:02:08.034085,32.16
2025-12-22 06:02:08.034085,54.55
2025-12-22 07:02:08.034085,91.98
2025-12-22 08:02:08.034085,143.34
2025-12-22 09:02:08.034085,237.63
2025-12-22 10:02:08.034085,281.01
2025-12-22 11:02:08.034085,331.43
2025-12-22 12:02:08.034085,374.59
2025-12-22 13:02:08.034085,416.09
2025-12-22 14:02:08.034085,409.58
2025-12-22 15:02:08.034085,316.46
2025-12-22 16:02:08.034085,270.29
2025-12-22 17:02:08.034085,209.25
2025-12-22 18:02:08.034085,158.36
2025-12-22 19:02:08.034085,90.47
2025-12-22 20:02:08.034085,64.65
2025-12-22 21:02:08.034085,25.02
2025-12-22 22:02:08.034085,18.69
2025-12-22 23:02:08.034085,6.69
2025-12-23 00:02:08.034085,0.46
2025-12-23 01:02:08.034085,1.36
2025-12-23 02:02:08.034085,3.45
2025-12-23 03:02:08.034085,7.14
2025-12-23 04:02:08.034085,12.66
2025-12-23 05:02:08.034085,31.01
2025-12-23 06:02:08.034085,58.81
2025-12-23 07:02:08.034085,87.4
2025-12-23 08:02:08.034085,195.1
2025-12-23 09:02:08.034085,233.19
2025-12-23 10:02:08.034085,301.31
2025-12-23 11:02:08.034085,304.19
2025-12-23 12:02:08.034085,405.91
2025-12-23 13:02:08.034085,420.23
2025-12-23 14:02:08.034085,386.4
2025-12-23 15:02:08.034085,392.31
2025-12-23 16:02:08.034085,312.41
2025-12-23 17:02:08.034085,244.42
2025-12-23 18:02:08.034085,129.22
2025-12-23 19:02:08.034085,101.15
2025-12-23 20:02:08.034085,68.83
2025-12-23 21:02:08.034085,35.29
2025-12-23 22:02:08.034085,18.46
2025-12-23 23:02:08.034085,6.68
2025-12-24 00:02:08.034085,0.48
2025-12-24 01:02:08.034085,1.2
2025-12-24 02:02:08.034085,3.46
2025-12-24 03:02:08.034085,7.3
2025-12-24 04:02:08.034085,14.37
2025-12-24 05:02:08.034085,34.53
2025-12-24 06:02:08.034085,56.7
2025-12-24 07:02:08.034085,106.18
2025-12-24 08:02:08.034085,129.23
2025-12-24 09:02:08.034085,224.13
2025-12-24 10:02:08.034085,353.77
2025-12-24 11:02:08.034085,325.79
2025-12-24 12:02:08.034085,496.73
2025-12-24 13:02:08.034085,373.95
2025-12-24 14:02:08.034085,499.94
2025-12-24 15:02:08.034085,256.9
2025-12-24 16:02:08.034085,298.82
2025-12-24 17:02:08.034085,228.21
2025-12-24 18:02:08.034085,157.38
2025-12-24 19:02:08.034085,86.99
2025-12-24 20:02:08.034085,65.31
2025-12-24 21:02:08.034085,40.54
2025-12-24 22:02:08.034085,19.04
2025-12-24 23:02:08.034085,7.6
2025-12-25 00:02:08.034085,0.44
2025-12-25 01:02:08.034085,1.25
2025-12-25 02:02:08.034085,2.29
2025-12-25 03:02:08.034085,7.43
2025-12-25 04:02:08.034085,20.04
2025-12-25 05:02:08.034085,32.93
2025-12-25 06:02:08.034085,61.95
2025-12-25 07:02:08.034085,108.08
2025-12-25 08:02:08.034085,167.5
2025-12-25 09:02:08.034085,257.48
2025-12-25 10:02:08.034085,304.8
2025-12-25 11:02:08.034085,371.28
2025-12-25 12:02:08.034085,389.49
2025-12-25 13:02:08.034085,416.91
2025-12-25 14:02:08.034085,400.96
2025-12-25 15:02:08.034085,341.83
2025-12-25 16:02:08.034085,278.34
2025-12-25 17:02:08.034085,176.43
2025-12-25 18:02:08.034085,159.3
2025-12-25 19:02:08.034085,85.34
2025-12-25 20:02:08.034085,55.53
2025-12-25 21:02:08.034085,31.36
2025-12-25 22:02:08.034085,13.78
2025-12-25 23:02:08.034085,6.82
2025-12-26 00:02:08.034085,0.39
2025-12-26 01:02:08.034085,1.55
2025-12-26 02:02:08.034085,2.79
2025-12-26 03:02:08.034085,7.53
2025-12-26 04:02:08.034085,12.89
2025-12-26 05:02:08.034085,31.36
2025-12-26 06:02:08.034085,57.46
2025-12-26 07:02:08.034085,93.67
2025-12-26 08:02:08.034085,154.0
2025-12-26 09:02:08.034085,197.43
2025-12-26 10:02:08.034085,358.27
2025-12-26 11:02:08.034085,424.79
2025-12-26 12:02:08.034085,446.87
2025-12-26 13:02:08.034085,535.55
2025-12-26 14:02:08.034085,439.7
2025-12-26 15:02:08.034085,391.49
2025-12-26 16:02:08.034085,284.8
2025-12-26 17:02:08.034085,287.55
2025-12-26 18:02:08.034085,177.21
2025-12-26 19:02:08.034085,77.25
2025-12-26 20:02:08.034085,51.55
2025-12-26 21:02:08.034085,32.03
2025-12-26 22:02:08.034085,13.2
2025-12-26 23:02:08.034085,6.17
2025-12-27 00:02:08.034085,0.49
2025-12-27 01:02:08.034085,0.84
2025-12-27 02:02:08.034085,3.37
2025-12-27 03:02:08.034085,8.26
2025-12-27 04:02:08.034085,12.86
2025-12-27 05:02:08.034085,30.19
2025-12-27 06:02:08.034085,49.33
2025-12-27 07:02:08.034085,92.63
2025-12-27 08:02:08.034085,154.0
2025-12-27 09:02:08.034085,258.28
2025-12-27 10:02:08.034085,239.74
2025-12-27 11:02:08.034085,308.94
2025-12-27 12:02:08.034085,366.82
2025-12-27 13:02:08.034085,507.58
2025-12-27 14:02:08.034085,445.72
2025-12-27 15:02:08.034085,376.91
2025-12-27 16:02:08.034085,250.6
2025-12-27 17:02:08.034085,238.37
2025-12-27 18:02:08.034085,160.72
2025-12-27 19:02:08.034085,116.92
2025-12-27 20:02:08.034085,63.65
2025-12-27 21:02:08.034085,26.21
2025-12-27 22:02:08.034085,14.55
2025-12-27 23:02:08.034085,8.42
2025-12-28 00:02:08.034085,0.37
2025-12-28 01:02:08.034085,1.29
2025-12-28 02:02:08.034085,2.97
2025-12-28 03:02:08.034085,5.8
2025-12-28 04:02:08.034085,14.44
2025-12-28 05:02:08.034085,29.73
2025-12-28 06:02:08.034085,61.74
2025-12-28 07:02:08.034085,89.29
2025-12-28 08:02:08.034085,160.75
2025-12-28 09:02:08.034085,216.78
2025-12-28 10:02:08.034085,331.84
2025-12-28 11:02:08.034085,370.46
2025-12-28 12:02:08.034085,348.76
2025-12-28 13:02:08.034085,437.27
2025-12-28 14:02:08.034085,308.52
2025-12-28 15:02:08.034085,353.52
2025-12-28 16:02:08.034085,255.9
2025-12-28 17:02:08.034085,251.24
2025-12-28 18:02:08.034085,182.58
2025-12-28 19:02:08.034085,55.99
2025-12-28 20:02:08.034085,43.08
2025-12-28 21:02:08.034085,34.88
2025-12-28 22:02:08.034085,14.85
2025-12-28 23:02:08.034085,7.36
2025-12-29 00:02:08.034085,0.39
2025-12-29 01:02:08.034085,0.98
2025-12-29 02:02:08.034085,1.99
2025-12-29 03:02:08.034085,5.99
2025-12-29 04:02:08.034085,15.96
2025-12-29 05:02:08.034085,37.55
2025-12-29 06:02:08.034085,42.2
2025-12-29 07:02:08.034085,95.82
2025-12-29 08:02:08.034085,140.4
2025-12-29 09:02:08.034085,215.62
2025-12-29 10:02:08.034085,333.16
2025-12-29 11:02:08.034085,372.18
2025-12-29 12:02:08.034085,443.41
2025-12-29 13:02:08.034085,435.25
2025-12-29 14:02:08.034085,388.79
2025-12-29 15:02:08.034085,287.39
2025-12-29 16:02:08.034085,287.8
2025-12-29 17:02:08.034085,192.42
2025-12-29 18:02:08.034085,137.36
2025-12-29 19:02:08.034085,93.81
2025-12-29 20:02:08.034085,57.01
2025-12-29 21:02:08.034085,35.23
2025-12-29 22:02:08.034085,16.57
2025-12-29 23:02:08.034085,8.12
2025-12-30 00:02:08.034085,0.33
2025-12-30 01:02:08.034085,1.01
2025-12-30 02:02:08.034085,3.56
2025-12-30 03:02:08.034085,7.97
2025-12-30 04:02:08.034085,17.67
2025-12-30 05:02:08.034085,33.03
2025-12-30 06:02:08.034085,63.17
2025-12-30 07:02:08.034085,91.04
2025-12-30 08:02:08.034085,142.95
2025-12-30 09:02:08.034085,221.93
2025-12-30 10:02:08.034085,282.24
2025-12-30 11:02:08.034085,359.57
2025-12-30 12:02:08.034085,395.21
2025-12-30 13:02:08.034085,446.37
2025-12-30 14:02:08.034085,403.43
2025-12-30 15:02:08.034085,421.2
2025-12-30 16:02:08.034085,311.95
2025-12-30 17:02:08.034085,267.88
2025-12-30 18:02:08.034085,133.57
2025-12-30 19:02:08.034085,127.11
2025-12-30 20:02:08.034085,52.88
2025-12-30 21:02:08.034085,34.11
2025-12-30 22:02:08.034085,16.86
2025-12-30 23:02:08.034085,6.7
2025-12-31 00:02:08.034085,0.39
2025-12-31 01:02:08.034085,1.03
2025-12-31 02:02:08.034085,2.8
2025-12-31 03:02:08.034085,6.98
2025-12-31 04:02:08.034085,17.26
2025-12-31 05:02:08.034085,22.94
2025-12-31 06:02:08.034085,56.8
2025-12-31 07:02:08.034085,98.93
2025-12-31 08:02:08.034085,165.02
2025-12-31 09:02:08.034085,257.29
2025-12-31 10:02:08.034085,231.15
2025-12-31 11:02:08.034085,346.02
2025-12-31 12:02:08.034085,493.14
2025-12-31 13:02:08.034085,483.25
2025-12-31 14:02:08.034085,439.99
2025-12-31 15:02:08.034085,396.97
2025-12-31 16:02:08.034085,242.24
2025-12-31 17:02:08.034085,240.13
2025-12-31 18:02:08.034085,130.77
2025-12-31 19:02:08.034085,124.36
2025-12-31 20:02:08.034085,57.06
2025-12-31 21:02:08.034085,39.2
2025-12-31 22:02:08.034085,18.15
2025-12-31 23:02:08.034085,6.82
2026-01-01 00:02:08.034085,0.54
2026-01-01 01:02:08.034085,1.12
2026-01-01 02:02:08.034085,2.45
2026-01-01 03:02:08.034085,7.27
2026-01-01 04:02:08.034085,15.09
2026-01-01 05:02:08.034085,27.09
2026-01-01 06:02:08.034085,47.62
2026-01-01 07:02:08.034085,119.23
2026-01-01 08:02:08.034085,152.16
2026-01-01 09:02:08.034085,216.7
2026-01-01 10:02:08.034085,328.2
2026-01-01 11:02:08.034085,341.94
2026-01-01 12:02:08.034085,455.04
2026-01-01 13:02:08.034085,413.88
2026-01-01 14:02:08.034085,401.42
2026-01-01 15:02:08.034085,361.01
2026-01-01 16:02:08.034085,396.17
2026-01-01 17:02:08.034085,191.1
2026-01-01 18:02:08.034085,200.54
2026-01-01 19:02:08.034085,107.41
2026-01-01 20:02:08.034085,53.63
2026-01-01 21:02:08.034085,29.28
2026-01-01 22:02:08.034085,13.53
2026-01-01 23:02:08.034085,6.17
2026-01-02 00:02:08.034085,0.44
2026-01-02 01:02:08.034085,1.32
2026-01-02 02:02:08.034085,3.02
2026-01-02 03:02:08.034085,7.7
2026-01-02 04:02:08.034085,17.83
2026-01-02 05:02:08.034085,38.2
2026-01-02 06:02:08.034085,71.22
2026-01-02 07:02:08.034085,110.27
2026-01-02 08:02:08.034085,212.49
2026-01-02 09:02:08.034085,232.24
2026-01-02 10:02:08.034085,300.26
2026-01-02 11:02:08.034085,310.09
2026-01-02 12:02:08.034085,470.68
2026-01-02 13:02:08.034085,561.77
2026-01-02 14:02:08.034085,420.99
2026-01-02 15:02:08.034085,313.37
2026-01-02 16:02:08.034085,232.46
2026-01-02 17:02:08.034085,289.23
2026-01-02 18:02:08.034085,172.83
2026-01-02 19:02:08.034085,97.59
2026-01-02 20:02:08.034085,65.84
2026-01-02 21:02:08.034085,34.09
2026-01-02 22:02:08.034085,16.26
2026-01-02 23:02:08.034085,9.75
2026-01-03 00:02:08.034085,0.31
2026-01-03 01:02:08.034085,1.49
2026-01-03 02:02:08.034085,4.22
2026-01-03 03:02:08.034085,9.08
2026-01-03 04:02:08.034085,13.03
2026-01-03 05:02:08.034085,34.34
2026-01-03 06:02:08.034085,63.04
2026-01-03 07:02:08.034085,101.26
2026-01-03 08:02:08.034085,140.32
2026-01-03 09:02:08.034085,306.81
2026-01-03 10:02:08.034085,302.48
2026-01-03 11:02:08.034085,290.89
2026-01-03 12:02:08.034085,289.07
2026-01-03 13:02:08.034085,449.13
2026-01-03 14:02:08.034085,346.05
2026-01-03 15:02:08.034085,471.44
2026-01-03 16:02:08.034085,342.21
2026-01-03 17:02:08.034085,230.04
2026-01-03 18:02:08.034085,156.51
2026-01-03 19:02:08.034085,130.05
2026-01-03 20:02:08.034085,66.01
2026-01-03 21:02:08.034085,36.5
2026-01-03 22:02:08.034085,19.32
2026-01-03 23:02:08.034085,8.62
2026-01-04 00:02:08.034085,0.52
2026-01-04 01:02:08.034085,1.0
2026-01-04 02:02:08.034085,3.48
2026-01-04 03:02:08.034085,9.37
2026-01-04 04:02:08.034085,18.79
2026-01-04 05:02:08.034085,35.02
2026-01-04 06:02:08.034085,45.85
2026-01-04 07:02:08.034085,96.67
2026-01-04 08:02:08.034085,155.73
2026-01-04 09:02:08.034085,258.06
2026-01-04 10:02:08.034085,300.81
2026-01-04 11:02:08.034085,472.81
2026-01-04 12:02:08.034085,429.44
2026-01-04 13:02:08.034085,508.47
2026-01-04 14:02:08.034085,511.98
2026-01-04 15:02:08.034085,398.51
2026-01-04 16:02:08.034085,239.37
2026-01-04 17:02:08.034085,253.79
2026-01-04 18:02:08.034085,122.15
2026-01-04 19:02:08.034085,109.6
2026-01-04 20:02:08.034085,64.02
2026-01-04 21:02:08.034085,35.24
2026-01-04 22:02:08.034085,21.61
2026-01-04 23:02:08.034085,8.38
2026-01-05 00:02:08.034085,0.35
2026-01-05 01:02:08.034085,1.27
2026-01-05 02:02:08.034085,2.92
2026-01-05 03:02:08.034085,6.06
2026-01-05 04:02:08.034085,16.44
2026-01-05 05:02:08.034085,27.77
2026-01-05 06:02:08.034085,67.39
2026-01-05 07:02:08.034085,94.73
2026-01-05 08:02:08.034085,212.49
2026-01-05 09:02:08.034085,211.66
2026-01-05 10:02:08.034085,299.47
2026-01-05 11:02:08.034085,324.14
2026-01-05 12:02:08.034085,389.14
2026-01-05 13:02:08.034085,426.75
2026-01-05 14:02:08.034085,511.09
2026-01-05 15:02:08.034085,411.9
2026-01-05 16:02:08.034085,329.88
2026-01-05 17:02:08.034085,254.98
2026-01-05 18:02:08.034085,166.67
2026-01-05 19:02:08.034085,82.69
2026-01-05 20:02:08.034085,70.62
2026-01-05 21:02:08.034085,18.36
2026-01-05 22:02:08.034085,17.01
2026-01-05 23:02:08.034085,7.65
2026-01-06 00:02:08.034085,0.6
2026-01-06 01:02:08.034085,1.24
2026-01-06 02:02:08.034085,3.11
2026-01-06 03:02:08.034085,6.26
2026-01-06 04:02:08.034085,16.51
2026-01-06 05:02:08.034085,16.68
2026-01-06 06:02:08.034085,64.14
2026-01-06 07:02:08.034085,108.37
2026-01-06 08:02:08.034085,149.55
2026-01-06 09:02:08.034085,254.72
2026-01-06 10:02:08.034085,336.97
2026-01-06 11:02:08.034085,333.11
2026-01-06 12:02:08.034085,475.85
2026-01-06 13:02:08.034085,475.71
2026-01-06 14:02:08.034085,359.1
2026-01-06 15:02:08.034085,340.99
2026-01-06 16:02:08.034085,330.24
2026-01-06 17:02:08.034085,241.62
2026-01-06 18:02:08.034085,168.7
2026-01-06 19:02:08.034085,131.12
2026-01-06 20:02:08.034085,67.77
2026-01-06 21:02:08.034085,31.33
2026-01-06 22:02:08.034085,20.58
2026-01-06 23:02:08.034085,6.08
2026-01-07 00:02:08.034085,0.45
2026-01-07 01:02:08.034085,1.08
2026-01-07 02:02:08.034085,3.43
2026-01-07 03:02:08.034085,7.43
2026-01-07 04:02:08.034085,21.61
2026-01-07 05:02:08.034085,29.32
2026-01-07 06:02:08.034085,74.41
2026-01-07 07:02:08.034085,110.6
2026-01-07 08:02:08.034085,212.49
2026-01-07 09:02:08.034085,222.14
2026-01-07 10:02:08.034085,357.82
2026-01-07 11:02:08.034085,411.28
2026-01-07 12:02:08.034085,508.65
2026-01-07 13:02:08.034085,375.88
2026-01-07 14:02:08.034085,454.2
2026-01-07 15:02:08.034085,445.39
2026-01-07 16:02:08.034085,298.36
2026-01-07 17:02:08.034085,238.59
2026-01-07 18:02:08.034085,161.8
2026-01-07 19:02:08.034085,113.38
2026-01-07 20:02:08.034085,51.68
2026-01-07 21:02:08.034085,30.5
2026-01-07 22:02:08.034085,14.82
2026-01-07 23:02:08.034085,5.63
2026-01-08 00:02:08.034085,0.54
2026-01-08 01:02:08.034085,1.22
2026-01-08 02:02:08.034085,2.51
2026-01-08 03:02:08.034085,7.43
2026-01-08 04:02:08.034085,16.16
2026-01-08 05:02:08.034085,32.75
2026-01-08 06:02:08.034085,78.61
2026-01-08 07:02:08.034085,93.21
2026-01-08 08:02:08.034085,176.53
2026-01-08 09:02:08.034085,236.77
2026-01-08 10:02:08.034085,408.28
2026-01-08 11:02:08.034085,265.1
2026-01-08 12:02:08.034085,403.68
2026-01-08 13:02:08.034085,450.62
2026-01-08 14:02:08.034085,451.42
2026-01-08 15:02:08.034085,395.02
2026-01-08 16:02:08.034085,353.08
2026-01-08 17:02:08.034085,228.54
2026-01-08 18:02:08.034085,144.5
2026-01-08 19:02:08.034085,94.98
2026-01-08 20:02:08.034085,65.0
2026-01-08 21:02:08.034085,32.64
2026-01-08 22:02:08.034085,16.42
2026-01-08 23:02:08.034085,6.6
2026-01-09 00:02:08.034085,0.5
2026-01-09 01:02:08.034085,1.26
2026-01-09 02:02:08.034085,2.48
2026-01-09 03:02:08.034085,8.3
2026-01-09 04:02:08.034085,17.08
2026-01-09 05:02:08.034085,27.14
2026-01-09 06:02:08.034085,69.64
2026-01-09 07:02:08.034085,114.91
2026-01-09 08:02:08.034085,142.98
2026-01-09 09:02:08.034085,240.04
2026-01-09 10:02:08.034085,260.86
2026-01-09 11:02:08.034085,359.5
2026-01-09 12:02:08.034085,552.34
2026-01-09 13:02:08.034085,336.87
2026-01-09 14:02:08.034085,485.99
2026-01-09 15:02:08.034085,356.74
2026-01-09 16:02:08.034085,260.75
2026-01-09 17:02:08.034085,251.67
2026-01-09 18:02:08.034085,137.4
2026-01-09 19:02:08.034085,120.01
2026-01-09 20:02:08.034085,64.69
2026-01-09 21:02:08.034085,34.27
2026-01-09 22:02:08.034085,15.8
2026-01-09 23:02:08.034085,7.21
2026-01-10 00:02:08.034085,0.39
2026-01-10 01:02:08.034085,1.15
2026-01-10 02:02:08.034085,3.07
2026-01-10 03:02:08.034085,6.71
2026-01-10 04:02:08.034085,15.62
2026-01-10 05:02:08.034085,37.53
2026-01-10 06:02:08.034085,66.53
2026-01-10 07:02:08.034085,104.18
2026-01-10 08:02:08.034085,141.1
2026-01-10 09:02:08.034085,210.42
2026-01-10 10:02:08.034085,334.8
2026-01-10 11:02:08.034085,481.48
2026-01-10 12:02:08.034085,478.8
2026-01-10 13:02:08.034085,466.88
2026-01-10 14:02:08.034085,497.55
2026-01-10 15:02:08.034085,307.71
2026-01-10 16:02:08.034085,373.52
2026-01-10 17:02:08.034085,241.19
2026-01-10 18:02:08.034085,139.64
2026-01-10 19:02:08.034085,80.22
2026-01-10 20:02:08.034085,65.19
2026-01-10 21:02:08.034085,42.58
2026-01-10 22:02:08.034085,20.93
2026-01-10 23:02:08.034085,7.08
2026-01-11 00:02:08.034085,0.35
2026-01-11 01:02:08.034085,1.26
2026-01-11 02:02:08.034085,2.23
2026-01-11 03:02:08.034085,6.58
2026-01-11 04:02:08.034085,15.99
2026-01-11 05:02:08.034085,36.01
2026-01-11 06:02:08.034085,55.1
2026-01-11 07:02:08.034085,113.9
2026-01-11 08:02:08.034085,176.06
2026-01-11 09:02:08.034085,246.75
2026-01-11 10:02:08.034085,297.73
2026-01-11 11:02:08.034085,463.42
2026-01-11 12:02:08.034085,445.9
2026-01-11 13:02:08.034085,504.46
2026-01-11 14:02:08.034085,408.37
2026-01-11 15:02:08.034085,374.62
2026-01-11 16:02:08.034085,263.53
2026-01-11 17:02:08.034085,191.93
2026-01-11 18:02:08.034085,180.94
2026-01-11 19:02:08.034085,88.73
2026-01-11 20:02:08.034085,64.68
2026-01-11 21:02:08.034085,33.87
2026-01-11 22:02:08.034085,15.7
2026-01-11 23:02:08.034085,7.45
2026-01-12 00:02:08.034085,0.44
2026-01-12 01:02:08.034085,1.11
2026-01-12 02:02:08.034085,2.17
2026-01-12 03:02:08.034085,9.04
2026-01-12 04:02:08.034085,14.08
2026-01-12 05:02:08.034085,34.89
2026-01-12 06:02:08.034085,64.62
2026-01-12 07:02:08.034085,117.56
2026-01-12 08:02:08.034085,148.94
2026-01-12 09:02:08.034085,232.84
2026-01-12 10:02:08.034085,306.44
2026-01-12 11:02:08.034085,442.57
2026-01-12 12:02:08.034085,492.18
2026-01-12 13:02:08.034085,495.83
2026-01-12 14:02:08.034085,478.69
2026-01-12 15:02:08.034085,408.28
2026-01-12 16:02:08.034085,366.83
2026-01-12 17:02:08.034085,306.81
2026-01-12 18:02:08.034085,135.66
2026-01-12 19:02:08.034085,103.53
2026-01-12 20:02:08.034085,72.3
2026-01-12 21:02:08.034085,30.58
2026-01-12 22:02:08.034085,15.27
2026-01-12 23:02:08.034085,7.6
2026-01-13 00:02:08.034085,0.41
2026-01-13 01:02:08.034085,1.3
2026-01-13 02:02:08.034085,4.22
2026-01-13 03:02:08.034085,6.02
2026-01-13 04:02:08.034085,17.25
2026-01-13 05:02:08.034085,40.45
2026-01-13 06:02:08.034085,53.24
2026-01-13 07:02:08.034085,83.55
2026-01-13 08:02:08.034085,155.35
2026-01-13 09:02:08.034085,216.44
2026-01-13 10:02:08.034085,253.04
2026-01-13 11:02:08.034085,326.35
2026-01-13 12:02:08.034085,423.2
2026-01-13 13:02:08.034085,388.37
2026-01-13 14:02:08.034085,565.93
2026-01-13 15:02:08.034085,354.39
2026-01-13 16:02:08.034085,327.17
2026-01-13 17:02:08.034085,253.8
2026-01-13 18:02:08.034085,116.87
2026-01-13 19:02:08.034085,80.4
2026-01-13 20:02:08.034085,63.51
2026-01-13 21:02:08.034085,34.86
2026-01-13 22:02:08.034085,18.96
2026-01-13 23:02:08.034085,7.42
2026-01-14 00:02:08.034085,0.41
2026-01-14 01:02:08.034085,1.44
2026-01-14 02:02:08.034085,3.19
2026-01-14 03:02:08.034085,8.65
2026-01-14 04:02:08.034085,15.25
2026-01-14 05:02:08.034085,30.32
2026-01-14 06:02:08.034085,53.48
2026-01-14 07:02:08.034085,126.29
2026-01-14 08:02:08.034085,170.66
2026-01-14 09:02:08.034085,186.43
2026-01-14 10:02:08.034085,324.98
2026-01-14 11:02:08.034085,438.4
2026-01-14 12:02:08.034085,473.44
2026-01-14 13:02:08.034085,548.18
2026-01-14 14:02:08.034085,433.95
2026-01-14 15:02:08.034085,471.55
2026-01-14 16:02:08.034085,221.16
2026-01-14 17:02:08.034085,211.71
2026-01-14 18:02:08.034085,170.16
2026-01-14 19:02:08.034085,121.44
2026-01-14 20:02:08.034085,45.34
2026-01-14 21:02:08.034085,34.45
2026-01-14 22:02:08.034085,12.45
2026-01-14 23:02:08.034085,7.32
2026-01-15 00:02:08.034085,0.42
2026-01-15 01:02:08.034085,1.57
2026-01-15 02:02:08.034085,2.48
2026-01-15 03:02:08.034085,6.9
2026-01-15 04:02:08.034085,15.09
2026-01-15 05:02:08.034085,28.62
2026-01-15 06:02:08.034085,62.84
2026-01-15 07:02:08.034085,108.49
2026-01-15 08:02:08.034085,160.9
2026-01-15 09:02:08.034085,196.11
2026-01-15 10:02:08.034085,408.28
2026-01-15 11:02:08.034085,451.01
2026-01-15 12:02:08.034085,427.4
2026-01-15 13:02:08.034085,475.15
2026-01-15 14:02:08.034085,537.81
2026-01-15 15:02:08.034085,348.02
2026-01-15 16:02:08.034085,352.01
2026-01-15 17:02:08.034085,297.97
2026-01-15 18:02:08.034085,138.85
2026-01-15 19:02:08.034085,92.95
2026-01-15 20:02:08.034085,43.9
2026-01-15 21:02:08.034085,26.3
2026-01-15 22:02:08.034085,17.08
2026-01-15 23:02:08.034085,6.69
2026-01-16 00:02:08.034085,0.49
2026-01-16 01:02:08.034085,1.22
2026-01-16 02:02:08.034085,3.49
2026-01-16 03:02:08.034085,7.5
2026-01-16 04:02:08.034085,17.42
2026-01-16 05:02:08.034085,36.07
2026-01-16 06:02:08.034085,61.99
2026-01-16 07:02:08.034085,100.33
2026-01-16 08:02:08.034085,121.73
2026-01-16 09:02:08.034085,221.97
2026-01-16 10:02:08.034085,345.07
2026-01-16 11:02:08.034085,343.49
2026-01-16 12:02:08.034085,400.87
2026-01-16 13:02:08.034085,402.15
2026-01-16 14:02:08.034085,485.46
2026-01-16 15:02:08.034085,395.95
2026-01-16 16:02:08.034085,338.3
2026-01-16 17:02:08.034085,247.01
2026-01-16 18:02:08.034085,195.78
2026-01-16 19:02:08.034085,82.19
2026-01-16 20:02:08.034085,54.14
2026-01-16 21:02:08.034085,39.17
2026-01-16 22:02:08.034085,21.61
2026-01-16 23:02:08.034085,6.87
2026-01-17 00:02:08.034085,0.44
2026-01-17 01:02:08.034085,1.06
2026-01-17 02:02:08.034085,3.56
2026-01-17 03:02:08.034085,9.95
2026-01-17 04:02:08.034085,14.98
2026-01-17 05:02:08.034085,31.84
2026-01-17 06:02:08.034085,59.09
2026-01-17 07:02:08.034085,99.28
2026-01-17 08:02:08.034085,147.9
2026-01-17 09:02:08.034085,213.65
2026-01-17 10:02:08.034085,310.8
2026-01-17 11:02:08.034085,345.66
2026-01-17 12:02:08.034085,330.85
2026-01-17 13:02:08.034085,363.61
2026-01-17 14:02:08.034085,336.53
2026-01-17 15:02:08.034085,343.69
2026-01-17 16:02:08.034085,238.6
2026-01-17 17:02:08.034085,261.95
2026-01-17 18:02:08.034085,212.49
2026-01-17 19:02:08.034085,102.72
2026-01-17 20:02:08.034085,57.6
2026-01-17 21:02:08.034085,27.33
2026-01-17 22:02:08.034085,15.7
2026-01-17 23:02:08.034085,7.28
2026-01-18 00:02:08.034085,0.45
2026-01-18 01:02:08.034085,1.42
2026-01-18 02:02:08.034085,3.75
2026-01-18 03:02:08.034085,9.95
2026-01-18 04:02:08.034085,16.48
2026-01-18 05:02:08.034085,35.77
2026-01-18 06:02:08.034085,61.04
2026-01-18 07:02:08.034085,112.8
2026-01-18 08:02:08.034085,192.0
2026-01-18 09:02:08.034085,159.81
2026-01-18 10:02:08.034085,323.58
2026-01-18 11:02:08.034085,364.54
2026-01-18 12:02:08.034085,363.72
2026-01-18 13:02:08.034085,524.35
2026-01-18 14:02:08.034085,515.51
2026-01-18 15:02:08.034085,370.38
2026-01-18 16:02:08.034085,294.14
2026-01-18 17:02:08.034085,212.05
2026-01-18 18:02:08.034085,173.7
2026-01-18 19:02:08.034085,79.5
2026-01-18 20:02:08.034085,53.99
2026-01-18 21:02:08.034085,34.17
2026-01-18 22:02:08.034085,16.18
2026-01-18 23:02:08.034085,8.58
2026-01-19 00:02:08.034085,0.42
2026-01-19 01:02:08.034085,1.09
2026-01-19 02:02:08.034085,2.7
2026-01-19 03:02:08.034085,9.0
2026-01-19 04:02:08.034085,16.35
2026-01-19 05:02:08.034085,40.18
2026-01-19 06:02:08.034085,65.29
2026-01-19 07:02:08.034085,85.71
2026-01-19 08:02:08.034085,130.7
2026-01-19 09:02:08.034085,275.51
2026-01-19 10:02:08.034085,321.95
2026-01-19 11:02:08.034085,420.67
2026-01-19 12:02:08.034085,510.73
2026-01-19 13:02:08.034085,589.51
2026-01-19 14:02:08.034085,453.71
2026-01-19 15:02:08.034085,350.65
2026-01-19 16:02:08.034085,268.92
2026-01-19 17:02:08.034085,203.32
2026-01-19 18:02:08.034085,146.44
2026-01-19 19:02:08.034085,96.37
2026-01-19 20:02:08.034085,53.2
2026-01-19 21:02:08.034085,24.48
2026-01-19 22:02:08.034085,17.98
2026-01-19 23:02:08.034085,8.22
2026-01-20 00:02:08.034085,0.46
2026-01-20 01:02:08.034085,1.33
2026-01-20 02:02:08.034085,4.22
2026-01-20 03:02:08.034085,8.29
2026-01-20 04:02:08.034085,20.03
2026-01-20 05:02:08.034085,29.68
2026-01-20 06:02:08.034085,64.37
2026-01-20 07:02:08.034085,107.28
2026-01-20 08:02:08.034085,185.87
2026-01-20 09:02:08.034085,201.93
2026-01-20 10:02:08.034085,385.08
2026-01-20 11:02:08.034085,358.31
2026-01-20 12:02:08.034085,458.04
2026-01-20 13:02:08.034085,419.5
2026-01-20 14:02:08.034085,430.05
2026-01-20 15:02:08.034085,360.6
2026-01-20 16:02:08.034085,244.68
2026-01-20 17:02:08.034085,269.07
2026-01-20 18:02:08.034085,147.72
2026-01-20 19:02:08.034085,100.3
2026-01-20 20:02:08.034085,51.41
2026-01-20 21:02:08.034085,29.92
2026-01-20 22:02:08.034085,17.25
2026-01-20 23:02:08.034085,7.27
2026-01-21 00:02:08.034085,0.43
2026-01-21 01:02:08.034085,0.94
2026-01-21 02:02:08.034085,3.64
2026-01-21 03:02:08.034085,9.25
2026-01-21 04:02:08.034085,15.12
2026-01-21 05:02:08.034085,25.81
2026-01-21 06:02:08.034085,38.64
2026-01-21 07:02:08.034085,102.85
2026-01-21 08:02:08.034085,170.97
2026-01-21 09:02:08.034085,266.01
2026-01-21 10:02:08.034085,318.4
2026-01-21 11:02:08.034085,396.23
2026-01-21 12:02:08.034085,477.02
2026-01-21 13:02:08.034085,368.8
2026-01-21 14:02:08.034085,446.75
2026-01-21 15:02:08.034085,446.37
2026-01-21 16:02:08.034085,325.7
2026-01-21 17:02:08.034085,243.61
2026-01-21 18:02:08.034085,146.23
2026-01-21 19:02:08.034085,60.53
2026-01-21 20:02:08.034085,53.96
2026-01-21 21:02:08.034085,33.4
2026-01-21 22:02:08.034085,18.64
2026-01-21 23:02:08.034085,7.28
2026-01-22 00:02:08.034085,0.41
2026-01-22 01:02:08.034085,1.05
2026-01-22 02:02:08.034085,3.37
2026-01-22 03:02:08.034085,6.52
2026-01-22 04:02:08.034085,16.22
2026-01-22 05:02:08.034085,28.3
2026-01-22 06:02:08.034085,69.05
2026-01-22 07:02:08.034085,102.15
2026-01-22 08:02:08.034085,191.83
2026-01-22 09:02:08.034085,245.37
2026-01-22 10:02:08.034085,253.57
2026-01-22 11:02:08.034085,382.63
2026-01-22 12:02:08.034085,511.34
2026-01-22 13:02:08.034085,457.54
2026-01-22 14:02:08.034085,472.29
2026-01-22 15:02:08.034085,344.14
2026-01-22 16:02:08.034085,306.91
2026-01-22 17:02:08.034085,234.76
2026-01-22 18:02:08.034085,155.31
2026-01-22 19:02:08.034085,109.42
2026-01-22 20:02:08.034085,52.73
2026-01-22 21:02:08.034085,36.33
2026-01-22 22:02:08.034085,21.61
2026-01-22 23:02:08.034085,5.82
2026-01-23 00:02:08.034085,0.45
2026-01-23 01:02:08.034085,1.3
2026-01-23 02:02:08.034085,3.07
2026-01-23 03:02:08.034085,6.72
2026-01-23 04:02:08.034085,21.61
2026-01-23 05:02:08.034085,30.18
2026-01-23 06:02:08.034085,70.24
2026-01-23 07:02:08.034085,93.78
2026-01-23 08:02:08.034085,127.33
2026-01-23 09:02:08.034085,190.43
2026-01-23 10:02:08.034085,374.68
2026-01-23 11:02:08.034085,291.41
2026-01-23 12:02:08.034085,471.54
2026-01-23 13:02:08.034085,444.54
2026-01-23 14:02:08.034085,457.84
2026-01-23 15:02:08.034085,310.0
2026-01-23 16:02:08.034085,325.35
2026-01-23 17:02:08.034085,250.76
2026-01-23 18:02:08.034085,177.67
2026-01-23 19:02:08.034085,72.23
2026-01-23 20:02:08.034085,60.39
2026-01-23 21:02:08.034085,35.17
2026-01-23 22:02:08.034085,17.44
2026-01-23 23:02:08.034085,6.15
2026-01-24 00:02:08.034085,0.49
2026-01-24 01:02:08.034085,1.09
2026-01-24 02:02:08.034085,2.39
2026-01-24 03:02:08.034085,7.07
2026-01-24 04:02:08.034085,16.21
2026-01-24 05:02:08.034085,29.84
2026-01-24 06:02:08.034085,71.12
2026-01-24 07:02:08.034085,114.4
2026-01-24 08:02:08.034085,162.85
2026-01-24 09:02:08.034085,182.32
2026-01-24 10:02:08.034085,274.09
2026-01-24 11:02:08.034085,323.15
2026-01-24 12:02:08.034085,491.75
2026-01-24 13:02:08.034085,442.62
2026-01-24 14:02:08.034085,330.23
2026-01-24 15:02:08.034085,306.51
2026-01-24 16:02:08.034085,344.24
2026-01-24 17:02:08.034085,288.7
2026-01-24 18:02:08.034085,128.77
2026-01-24 19:02:08.034085,125.42
2026-01-24 20:02:08.034085,79.78
2026-01-24 21:02:08.034085,26.91
2026-01-24 22:02:08.034085,18.56
2026-01-24 23:02:08.034085,7.02
2026-01-25 00:02:08.034085,0.42
2026-01-25 01:02:08.034085,1.35
2026-01-25 02:02:08.034085,3.35
2026-01-25 03:02:08.034085,4.65
2026-01-25 04:02:08.034085,16.23
2026-01-25 05:02:08.034085,30.22
2026-01-25 06:02:08.034085,79.75
2026-01-25 07:02:08.034085,110.4
2026-01-25 08:02:08.034085,136.15
2026-01-25 09:02:08.034085,194.66
2026-01-25 10:02:08.034085,259.17
2026-01-25 11:02:08.034085,305.26
2026-01-25 12:02:08.034085,437.18
2026-01-25 13:02:08.034085,430.42
2026-01-25 14:02:08.034085,507.6
2026-01-25 15:02:08.034085,348.13
2026-01-25 16:02:08.034085,313.04
2026-01-25 17:02:08.034085,267.87
2026-01-25 18:02:08.034085,152.81
2026-01-25 19:02:08.034085,103.85
2026-01-25 20:02:08.034085,64.0
2026-01-25 21:02:08.034085,37.65
2026-01-25 22:02:08.034085,21.2
2026-01-25 23:02:08.034085,6.83
2026-01-26 00:02:08.034085,0.53
2026-01-26 01:02:08.034085,1.28
2026-01-26 02:02:08.034085,3.37
2026-01-26 03:02:08.034085,7.7
2026-01-26 04:02:08.034085,20.94
2026-01-26 05:02:08.034085,35.11
2026-01-26 06:02:08.034085,62.2
2026-01-26 07:02:08.034085,97.07
2026-01-26 08:02:08.034085,185.43
2026-01-26 09:02:08.034085,270.97
2026-01-26 10:02:08.034085,251.11
2026-01-26 11:02:08.034085,462.02
2026-01-26 12:02:08.034085,424.9
2026-01-26 13:02:08.034085,497.98
2026-01-26 14:02:08.034085,532.37
2026-01-26 15:02:08.034085,386.7
2026-01-26 16:02:08.034085,305.15
2026-01-26 17:02:08.034085,247.27
2026-01-26 18:02:08.034085,212.49
2026-01-26 19:02:08.034085,96.87
2026-01-26 20:02:08.034085,73.17
2026-01-26 21:02:08.034085,43.25
2026-01-26 22:02:08.034085,17.13
2026-01-26 23:02:08.034085,9.95
2026-01-27 00:02:08.034085,0.46
2026-01-27 01:02:08.034085,1.21
2026-01-27 02:02:08.034085,3.03
2026-01-27 03:02:08.034085,6.49
2026-01-27 04:02:08.034085,19.04
2026-01-27 05:02:08.034085,38.57
2026-01-27 06:02:08.034085,68.08
2026-01-27 07:02:08.034085,87.98
2026-01-27 08:02:08.034085,188.22
2026-01-27 09:02:08.034085,250.62
2026-01-27 10:02:08.034085,375.16
2026-01-27 11:02:08.034085,301.23
2026-01-27 12:02:08.034085,328.99
2026-01-27 13:02:08.034085,543.91
2026-01-27 14:02:08.034085,356.33
2026-01-27 15:02:08.034085,293.71
2026-01-27 16:02:08.034085,242.28
2026-01-27 17:02:08.034085,236.04
2026-01-27 18:02:08.034085,179.56
2026-01-27 19:02:08.034085,116.45
2026-01-27 20:02:08.034085,67.67
2026-01-27 21:02:08.034085,43.25
2026-01-27 22:02:08.034085,17.14
2026-01-27 23:02:08.034085,8.01
2026-01-28 00:02:08.034085,0.36
2026-01-28 01:02:08.034085,1.31
2026-01-28 02:02:08.034085,3.25
2026-01-28 03:02:08.034085,9.37
2026-01-28 04:02:08.034085,17.53
2026-01-28 05:02:08.034085,31.43
2026-01-28 06:02:08.034085,68.89
2026-01-28 07:02:08.034085,91.52
2026-01-28 08:02:08.034085,147.69
2026-01-28 09:02:08.034085,258.95
2026-01-28 10:02:08.034085,339.53
2026-01-28 11:02:08.034085,404.98
2026-01-28 12:02:08.034085,411.64
2026-01-28 13:02:08.034085,438.31
2026-01-28 14:02:08.034085,520.74
2026-01-28 15:02:08.034085,392.27
2026-01-28 16:02:08.034085,247.53
2026-01-28 17:02:08.034085,213.1
2026-01-28 18:02:08.034085,157.97
2026-01-28 19:02:08.034085,114.91
2026-01-28 20:02:08.034085,67.91
2026-01-28 21:02:08.034085,34.1
2026-01-28 22:02:08.034085,15.91
2026-01-28 23:02:08.034085,7.06
2026-01-29 00:02:08.034085,0.48
2026-01-29 01:02:08.034085,1.23
2026-01-29 02:02:08.034085,3.53
2026-01-29 03:02:08.034085,5.65
2026-01-29 04:02:08.034085,15.0
2026-01-29 05:02:08.034085,27.72
2026-01-29 06:02:08.034085,57.91
2026-01-29 07:02:08.034085,61.91
2026-01-29 08:02:08.034085,166.56
2026-01-29 09:02:08.034085,200.73
2026-01-29 10:02:08.034085,273.2
2026-01-29 11:02:08.034085,374.22
2026-01-29 12:02:08.034085,427.58
2026-01-29 13:02:08.034085,384.85
2026-01-29 14:02:08.034085,341.88
2026-01-29 15:02:08.034085,399.18
2026-01-29 16:02:08.034085,295.16
2026-01-29 17:02:08.034085,250.22
2026-01-29 18:02:08.034085,166.43
2026-01-29 19:02:08.034085,92.09
2026-01-29 20:02:08.034085,57.95
2026-01-29 21:02:08.034085,28.99
2026-01-29 22:02:08.034085,18.34
2026-01-29 23:02:08.034085,6.63
2026-01-30 00:02:08.034085,0.54
2026-01-30 01:02:08.034085,1.43
2026-01-30 02:02:08.034085,3.21
2026-01-30 03:02:08.034085,5.59
2026-01-30 04:02:08.034085,18.72
2026-01-30 05:02:08.034085,34.17
2026-01-30 06:02:08.034085,79.78
2026-01-30 07:02:08.034085,113.79
2026-01-30 08:02:08.034085,169.01
2026-01-30 09:02:08.034085,279.2
2026-01-30 10:02:08.034085,298.16
2026-01-30 11:02:08.034085,354.34
2026-01-30 12:02:08.034085,464.43
2026-01-30 13:02:08.034085,434.29
2026-01-30 14:02:08.034085,404.76
2026-01-30 15:02:08.034085,481.26
2026-01-30 16:02:08.034085,408.28
2026-01-30 17:02:08.034085,259.6
2026-01-30 18:02:08.034085,150.95
2026-01-30 19:02:08.034085,92.29
2026-01-30 20:02:08.034085,62.37
2026-01-30 21:02:08.034085,32.01
2026-01-30 22:02:08.034085,13.38
2026-01-30 23:02:08.034085,5.84
2026-01-31 00:02:08.034085,0.47
2026-01-31 01:02:08.034085,1.62
2026-01-31 02:02:08.034085,3.23
2026-01-31 03:02:08.034085,7.85
2026-01-31 04:02:08.034085,19.66
2026-01-31 05:02:08.034085,33.87
2026-01-31 06:02:08.034085,62.24
2026-01-31 07:02:08.034085,126.15
2026-01-31 08:02:08.034085,173.97
2026-01-31 09:02:08.034085,247.46
2026-01-31 10:02:08.034085,360.01
2026-01-31 11:02:08.034085,381.43
2026-01-31 12:02:08.034085,414.09
2026-01-31 13:02:08.034085,475.1
2026-01-31 14:02:08.034085,502.74
2026-01-31 15:02:08.034085,326.26
2026-01-31 16:02:08.034085,361.45
2026-01-31 17:02:08.034085,199.88
2026-01-31 18:02:08.034085,170.24
2026-01-31 19:02:08.034085,93.86
2026-01-31 20:02:08.034085,48.83
2026-01-31 21:02:08.034085,35.54
2026-01-31 22:02:08.034085,17.86
2026-01-31 23:02:08.034085,9.36
2026-02-01 00:02:08.034085,0.6
2026-02-01 01:02:08.034085,1.35
2026-02-01 02:02:08.034085,4.33
2026-02-01 03:02:08.034085,8.93
2026-02-01 04:02:08.034085,21.9
2026-02-01 05:02:08.034085,37.78
2026-02-01 06:02:08.034085,85.48
2026-02-01 07:02:08.034085,142.52
2026-02-01 08:02:08.034085,184.81
2026-02-01 09:02:08.034085,236.72
2026-02-01 10:02:08.034085,381.16
2026-02-01 11:02:08.034085,373.94
2026-02-01 12:02:08.034085,512.66
2026-02-01 13:02:08.034085,568.62
2026-02-01 14:02:08.034085,413.24
2026-02-01 15:02:08.034085,513.52
2026-02-01 16:02:08.034085,463.14
2026-02-01 17:02:08.034085,236.16
2026-02-01 18:02:08.034085,207.04
2026-02-01 19:02:08.034085,109.29
2026-02-01 20:02:08.034085,78.99
2026-02-01 21:02:08.034085,34.48
2026-02-01 22:02:08.034085,15.35
2026-02-01 23:02:08.034085,9.0
2026-02-02 00:02:08.034085,0.57
2026-02-02 01:02:08.034085,1.56
2026-02-02 02:02:08.034085,4.05
2026-02-02 03:02:08.034085,5.24
2026-02-02 04:02:08.034085,17.67
2026-02-02 05:02:08.034085,38.56
2026-02-02 06:02:08.034085,69.82
2026-02-02 07:02:08.034085,109.24
2026-02-02 08:02:08.034085,203.94
2026-02-02 09:02:08.034085,308.05
2026-02-02 10:02:08.034085,325.09
2026-02-02 11:02:08.034085,481.13
2026-02-02 12:02:08.034085,544.1
2026-02-02 13:02:08.034085,430.53
2026-02-02 14:02:08.034085,565.11
2026-02-02 15:02:08.034085,368.16
2026-02-02 16:02:08.034085,368.41
2026-02-02 17:02:08.034085,280.05
2026-02-02 18:02:08.034085,244.17
2026-02-02 19:02:08.034085,115.04
2026-02-02 20:02:08.034085,49.21
2026-02-02 21:02:08.034085,31.86
2026-02-02 22:02:08.034085,16.64
2026-02-02 23:02:08.034085,9.07
2026-02-03 00:02:08.034085,0.57
2026-02-03 01:02:08.034085,1.15
2026-02-03 02:02:08.034085,4.21
2026-02-03 03:02:08.034085,9.96
2026-02-03 04:02:08.034085,18.41
2026-02-03 05:02:08.034085,39.43
2026-02-03 06:02:08.034085,63.9
2026-02-03 07:02:08.034085,87.91
2026-02-03 08:02:08.034085,214.23
2026-02-03 09:02:08.034085,293.18
2026-02-03 10:02:08.034085,322.24
2026-02-03 11:02:08.034085,353.13
2026-02-03 12:02:08.034085,654.08
2026-02-03 13:02:08.034085,447.86
2026-02-03 14:02:08.034085,538.93
2026-02-03 15:02:08.034085,463.03
2026-02-03 16:02:08.034085,328.03
2026-02-03 17:02:08.034085,223.3
2026-02-03 18:02:08.034085,182.74
2026-02-03 19:02:08.034085,132.8
2026-02-03 20:02:08.034085,65.48
2026-02-03 21:02:08.034085,37.95
2026-02-03 22:02:08.034085,20.43
2026-02-03 23:02:08.034085,8.2
2026-02-04 00:02:08.034085,0.58
2026-02-04 01:02:08.034085,1.62
2026-02-04 02:02:08.034085,3.92
2026-02-04 03:02:08.034085,7.05
2026-02-04 04:02:08.034085,18.85
2026-02-04 05:02:08.034085,35.26
2026-02-04 06:02:08.034085,64.55
2026-02-04 07:02:08.034085,113.69
2026-02-04 08:02:08.034085,188.89
2026-02-04 09:02:08.034085,233.69
2026-02-04 10:02:08.034085,370.5
2026-02-04 11:02:08.034085,477.53
2026-02-04 12:02:08.034085,549.32
2026-02-04 13:02:08.034085,509.35
2026-02-04 14:02:08.034085,588.98
2026-02-04 15:02:08.034085,498.34
2026-02-04 16:02:08.034085,419.3
2026-02-04 17:02:08.034085,236.43
2026-02-04 18:02:08.034085,223.6
2026-02-04 19:02:08.034085,115.14
2026-02-04 20:02:08.034085,84.07
2026-02-04 21:02:08.034085,44.14
2026-02-04 22:02:08.034085,16.19
2026-02-04 23:02:08.034085,8.51
2026-02-05 00:02:08.034085,0.52
2026-02-05 01:02:08.034085,1.49
2026-02-05 02:02:08.034085,2.84
2026-02-05 03:02:08.034085,5.88
2026-02-05 04:02:08.034085,15.56
2026-02-05 05:02:08.034085,40.05
2026-02-05 06:02:08.034085,55.45
2026-02-05 07:02:08.034085,144.95
2026-02-05 08:02:08.034085,155.17
2026-02-05 09:02:08.034085,342.81
2026-02-05 10:02:08.034085,365.88
2026-02-05 11:02:08.034085,444.13
2026-02-05 12:02:08.034085,454.02
2026-02-05 13:02:08.034085,596.08
2026-02-05 14:02:08.034085,482.3
2026-02-05 15:02:08.034085,382.32
2026-02-05 16:02:08.034085,320.24
2026-02-05 17:02:08.034085,305.94
2026-02-05 18:02:08.034085,105.67
2026-02-05 19:02:08.034085,107.5
2026-02-05 20:02:08.034085,80.58
2026-02-05 21:02:08.034085,48.49
2026-02-05 22:02:08.034085,17.74
2026-02-05 23:02:08.034085,9.82
2026-02-06 00:02:08.034085,0.47
2026-02-06 01:02:08.034085,1.84
2026-02-06 02:02:08.034085,3.35
2026-02-06 03:02:08.034085,11.66
2026-02-06 04:02:08.034085,17.26
2026-02-06 05:02:08.034085,41.14
2026-02-06 06:02:08.034085,85.64
2026-02-06 07:02:08.034085,131.64
2026-02-06 08:02:08.034085,154.69
2026-02-06 09:02:08.034085,268.78
2026-02-06 10:02:08.034085,423.64
2026-02-06 11:02:08.034085,359.79
2026-02-06 12:02:08.034085,549.03
2026-02-06 13:02:08.034085,562.49
2026-02-06 14:02:08.034085,638.84
2026-02-06 15:02:08.034085,339.2
2026-02-06 16:02:08.034085,288.66
2026-02-06 17:02:08.034085,250.71
2026-02-06 18:02:08.034085,200.82
2026-02-06 19:02:08.034085,133.05
2026-02-06 20:02:08.034085,62.48
2026-02-06 21:02:08.034085,39.83
2026-02-06 22:02:08.034085,17.88
2026-02-06 23:02:08.034085,7.18
2026-02-07 00:02:08.034085,0.63
2026-02-07 01:02:08.034085,1.65
2026-02-07 02:02:08.034085,4.24
2026-02-07 03:02:08.034085,10.71
2026-02-07 04:02:08.034085,15.69
2026-02-07 05:02:08.034085,48.08
2026-02-07 06:02:08.034085,75.16
2026-02-07 07:02:08.034085,104.82
2026-02-07 08:02:08.034085,226.94
2026-02-07 09:02:08.034085,329.08
2026-02-07 10:02:08.034085,283.8
2026-02-07 11:02:08.034085,527.08
2026-02-07 12:02:08.034085,500.89
2026-02-07 13:02:08.034085,575.37
2026-02-07 14:02:08.034085,519.08
2026-02-07 15:02:08.034085,586.59
2026-02-07 16:02:08.034085,312.1
2026-02-07 17:02:08.034085,289.11
2026-02-07 18:02:08.034085,179.32
2026-02-07 19:02:08.034085,116.33
2026-02-07 20:02:08.034085,77.95
2026-02-07 21:02:08.034085,35.89
2026-02-07 22:02:08.034085,20.32
2026-02-07 23:02:08.034085,9.38
2026-02-08 00:02:08.034085,0.46
2026-02-08 01:02:08.034085,1.49
2026-02-08 02:02:08.034085,4.95
2026-02-08 03:02:08.034085,8.95
2026-02-08 04:02:08.034085,22.25
2026-02-08 05:02:08.034085,33.82
2026-02-08 06:02:08.034085,81.78
2026-02-08 07:02:08.034085,132.83
2026-02-08 08:02:08.034085,235.76
2026-02-08 09:02:08.034085,325.5
2026-02-08 10:02:08.034085,313.71
2026-02-08 11:02:08.034085,578.7
2026-02-08 12:02:08.034085,470.01
2026-02-08 13:02:08.034085,416.52
2026-02-08 14:02:08.034085,612.45
2026-02-08 15:02:08.034085,386.76
2026-02-08 16:02:08.034085,442.46
2026-02-08 17:02:08.034085,255.25
2026-02-08 18:02:08.034085,211.98
2026-02-08 19:02:08.034085,125.14
2026-02-08 20:02:08.034085,73.46
2026-02-08 21:02:08.034085,41.73
2026-02-08 22:02:08.034085,17.59
2026-02-08 23:02:08.034085,8.95
2026-02-09 00:02:08.034085,0.57
2026-02-09 01:02:08.034085,1.33
2026-02-09 02:02:08.034085,3.76
2026-02-09 03:02:08.034085,9.86
2026-02-09 04:02:08.034085,20.12
2026-02-09 05:02:08.034085,44.81
2026-02-09 06:02:08.034085,81.82
2026-02-09 07:02:08.034085,126.22
2026-02-09 08:02:08.034085,170.35
2026-02-09 09:02:08.034085,310.42
2026-02-09 10:02:08.034085,372.74
2026-02-09 11:02:08.034085,401.45
2026-02-09 12:02:08.034085,347.73
2026-02-09 13:02:08.034085,624.76
2026-02-09 14:02:08.034085,389.46
2026-02-09 15:02:08.034085,401.62
2026-02-09 16:02:08.034085,356.91
2026-02-09 17:02:08.034085,359.44
2026-02-09 18:02:08.034085,181.4
2026-02-09 19:02:08.034085,110.83
2026-02-09 20:02:08.034085,65.43
2026-02-09 21:02:08.034085,37.19
2026-02-09 22:02:08.034085,20.27
2026-02-09 23:02:08.034085,10.64
2026-02-10 00:02:08.034085,0.53
2026-02-10 01:02:08.034085,1.08
2026-02-10 02:02:08.034085,3.45
2026-02-10 03:02:08.034085,7.22
2026-02-10 04:02:08.034085,23.3
2026-02-10 05:02:08.034085,40.82
2026-02-10 06:02:08.034085,73.48
2026-02-10 07:02:08.034085,150.88
2026-02-10 08:02:08.034085,200.94
2026-02-10 09:02:08.034085,310.22
2026-02-10 10:02:08.034085,404.12
2026-02-10 11:02:08.034085,364.14
2026-02-10 12:02:08.034085,390.51
2026-02-10 13:02:08.034085,520.17
2026-02-10 14:02:08.034085,490.85
2026-02-10 15:02:08.034085,432.28
2026-02-10 16:02:08.034085,412.98
2026-02-10 17:02:08.034085,197.84
2026-02-10 18:02:08.034085,228.47
2026-02-10 19:02:08.034085,123.74
2026-02-10 20:02:08.034085,87.97
2026-02-10 21:02:08.034085,39.0
2026-02-10 22:02:08.034085,19.71
2026-02-10 23:02:08.034085,8.66
2026-02-11 00:02:08.034085,0.45
2026-02-11 01:02:08.034085,1.49
2026-02-11 02:02:08.034085,4.95
2026-02-11 03:02:08.034085,9.19
2026-02-11 04:02:08.034085,20.41
2026-02-11 05:02:08.034085,31.67
2026-02-11 06:02:08.034085,82.45
2026-02-11 07:02:08.034085,101.65
2026-02-11 08:02:08.034085,167.96
2026-02-11 09:02:08.034085,307.83
2026-02-11 10:02:08.034085,352.65
2026-02-11 11:02:08.034085,434.21
2026-02-11 12:02:08.034085,526.97
2026-02-11 13:02:08.034085,559.58
2026-02-11 14:02:08.034085,539.61
2026-02-11 15:02:08.034085,497.98
2026-02-11 16:02:08.034085,347.11
2026-02-11 17:02:08.034085,273.18
2026-02-11 18:02:08.034085,191.19
2026-02-11 19:02:08.034085,114.63
2026-02-11 20:02:08.034085,63.94
2026-02-11 21:02:08.034085,34.78
2026-02-11 22:02:08.034085,16.54
2026-02-11 23:02:08.034085,9.43
2026-02-12 00:02:08.034085,0.53
2026-02-12 01:02:08.034085,0.79
2026-02-12 02:02:08.034085,4.38
2026-02-12 03:02:08.034085,9.51
2026-02-12 04:02:08.034085,18.78
2026-02-12 05:02:08.034085,39.02
2026-02-12 06:02:08.034085,67.55
2026-02-12 07:02:08.034085,138.11
2026-02-12 08:02:08.034085,246.86
2026-02-12 09:02:08.034085,358.67
2026-02-12 10:02:08.034085,368.83
2026-02-12 11:02:08.034085,331.68
2026-02-12 12:02:08.034085,476.05
2026-02-12 13:02:08.034085,541.84
2026-02-12 14:02:08.034085,613.87
2026-02-12 15:02:08.034085,405.66
2026-02-12 16:02:08.034085,291.56
2026-02-12 17:02:08.034085,311.1
2026-02-12 18:02:08.034085,218.51
2026-02-12 19:02:08.034085,113.93
2026-02-12 20:02:08.034085,75.55
2026-02-12 21:02:08.034085,39.8
2026-02-12 22:02:08.034085,16.76
2026-02-12 23:02:08.034085,6.36
2026-02-13 00:02:08.034085,0.59
2026-02-13 01:02:08.034085,1.67
2026-02-13 02:02:08.034085,4.42
2026-02-13 03:02:08.034085,9.49
2026-02-13 04:02:08.034085,20.89
2026-02-13 05:02:08.034085,38.63
2026-02-13 06:02:08.034085,93.47
2026-02-13 07:02:08.034085,82.72
2026-02-13 08:02:08.034085,173.16
2026-02-13 09:02:08.034085,297.95
2026-02-13 10:02:08.034085,354.93
2026-02-13 11:02:08.034085,443.8
2026-02-13 12:02:08.034085,407.33
2026-02-13 13:02:08.034085,446.98
2026-02-13 14:02:08.034085,528.1
2026-02-13 15:02:08.034085,558.12
2026-02-13 16:02:08.034085,421.37
2026-02-13 17:02:08.034085,292.48
2026-02-13 18:02:08.034085,198.92
2026-02-13 19:02:08.034085,87.23
2026-02-13 20:02:08.034085,81.32
2026-02-13 21:02:08.034085,45.95
2026-02-13 22:02:08.034085,23.45
2026-02-13 23:02:08.034085,9.97
2026-02-14 00:02:08.034085,0.65
2026-02-14 01:02:08.034085,1.61
2026-02-14 02:02:08.034085,4.13
2026-02-14 03:02:08.034085,10.22
2026-02-14 04:02:08.034085,21.93
2026-02-14 05:02:08.034085,30.54
2026-02-14 06:02:08.034085,69.87
2026-02-14 07:02:08.034085,130.32
2026-02-14 08:02:08.034085,211.24
2026-02-14 09:02:08.034085,271.96
2026-02-14 10:02:08.034085,273.96
2026-02-14 11:02:08.034085,506.14
2026-02-14 12:02:08.034085,423.11
2026-02-14 13:02:08.034085,475.58
2026-02-14 14:02:08.034085,359.97
2026-02-14 15:02:08.034085,477.53
2026-02-14 16:02:08.034085,449.47
2026-02-14 17:02:08.034085,223.67
2026-02-14 18:02:08.034085,242.87
2026-02-14 19:02:08.034085,117.53
2026-02-14 20:02:08.034085,70.66
2026-02-14 21:02:08.034085,43.42
2026-02-14 22:02:08.034085,19.32
2026-02-14 23:02:08.034085,8.99
2026-02-15 00:02:08.034085,0.56
2026-02-15 01:02:08.034085,1.19
2026-02-15 02:02:08.034085,3.73
2026-02-15 03:02:08.034085,9.34
2026-02-15 04:02:08.034085,23.78
2026-02-15 05:02:08.034085,33.13
2026-02-15 06:02:08.034085,69.62
2026-02-15 07:02:08.034085,129.19
2026-02-15 08:02:08.034085,200.53
2026-02-15 09:02:08.034085,205.15
2026-02-15 10:02:08.034085,452.83
2026-02-15 11:02:08.034085,530.94
2026-02-15 12:02:08.034085,581.05
2026-02-15 13:02:08.034085,489.21
2026-02-15 14:02:08.034085,424.87
2026-02-15 15:02:08.034085,426.17
2026-02-15 16:02:08.034085,311.13
2026-02-15 17:02:08.034085,265.15
2026-02-15 18:02:08.034085,181.68
2026-02-15 19:02:08.034085,98.07
2026-02-15 20:02:08.034085,65.28
2026-02-15 21:02:08.034085,46.36
2026-02-15 22:02:08.034085,17.99
2026-02-15 23:02:08.034085,9.51
2026-02-16 00:02:08.034085,0.43
2026-02-16 01:02:08.034085,1.75
2026-02-16 02:02:08.034085,4.0
2026-02-16 03:02:08.034085,8.26
2026-02-16 04:02:08.034085,25.32
2026-02-16 05:02:08.034085,36.56
2026-02-16 06:02:08.034085,75.32
2026-02-16 07:02:08.034085,146.77
2026-02-16 08:02:08.034085,173.9
2026-02-16 09:02:08.034085,222.41
2026-02-16 10:02:08.034085,337.73
2026-02-16 11:02:08.034085,386.78
2026-02-16 12:02:08.034085,379.99
2026-02-16 13:02:08.034085,576.42
2026-02-16 14:02:08.034085,501.71
2026-02-16 15:02:08.034085,540.24
2026-02-16 16:02:08.034085,385.63
2026-02-16 17:02:08.034085,222.48
2026-02-16 18:02:08.034085,141.22
2026-02-16 19:02:08.034085,121.86
2026-02-16 20:02:08.034085,82.59
2026-02-16 21:02:08.034085,38.33
2026-02-16 22:02:08.034085,19.88
2026-02-16 23:02:08.034085,8.31
2026-02-17 00:02:08.034085,0.55
2026-02-17 01:02:08.034085,1.84
2026-02-17 02:02:08.034085,4.23
2026-02-17 03:02:08.034085,9.04
2026-02-17 04:02:08.034085,18.85
2026-02-17 05:02:08.034085,27.4
2026-02-17 06:02:08.034085,77.98
2026-02-17 07:02:08.034085,137.02
2026-02-17 08:02:08.034085,195.09
2026-02-17 09:02:08.034085,310.56
2026-02-17 10:02:08.034085,313.06
2026-02-17 11:02:08.034085,449.01
2026-02-17 12:02:08.034085,628.67
2026-02-17 13:02:08.034085,528.81
2026-02-17 14:02:08.034085,533.13
2026-02-17 15:02:08.034085,388.85
2026-02-17 16:02:08.034085,410.19
2026-02-17 17:02:08.034085,249.02
2026-02-17 18:02:08.034085,154.0
2026-02-17 19:02:08.034085,140.79
2026-02-17 20:02:08.034085,82.56
2026-02-17 21:02:08.034085,38.63
2026-02-17 22:02:08.034085,16.43
2026-02-17 23:02:08.034085,7.45
2026-02-18 00:02:08.034085,0.65
2026-02-18 01:02:08.034085,1.38
2026-02-18 02:02:08.034085,3.89
2026-02-18 03:02:08.034085,5.33
2026-02-18 04:02:08.034085,17.66
2026-02-18 05:02:08.034085,36.88
2026-02-18 06:02:08.034085,93.47
2026-02-18 07:02:08.034085,105.89
2026-02-18 08:02:08.034085,209.94
2026-02-18 09:02:08.034085,329.72
2026-02-18 10:02:08.034085,347.69
2026-02-18 11:02:08.034085,403.35
2026-02-18 12:02:08.034085,479.01
2026-02-18 13:02:08.034085,541.28
2026-02-18 14:02:08.034085,448.96
2026-02-18 15:02:08.034085,514.26
2026-02-18 16:02:08.034085,286.93
2026-02-18 17:02:08.034085,225.17
2026-02-18 18:02:08.034085,142.83
2026-02-18 19:02:08.034085,98.14
2026-02-18 20:02:08.034085,75.59
2026-02-18 21:02:08.034085,48.53
2026-02-18 22:02:08.034085,18.92
2026-02-18 23:02:08.034085,8.71
2026-02-19 00:02:08.034085,0.55
2026-02-19 01:02:08.034085,1.73
2026-02-19 02:02:08.034085,3.19
2026-02-19 03:02:08.034085,11.57
2026-02-19 04:02:08.034085,19.77
2026-02-19 05:02:08.034085,35.9
2026-02-19 06:02:08.034085,76.66
2026-02-19 07:02:08.034085,122.79
2026-02-19 08:02:08.034085,158.42
2026-02-19 09:02:08.034085,256.88
2026-02-19 10:02:08.034085,313.91
2026-02-19 11:02:08.034085,477.78
2026-02-19 12:02:08.034085,528.7
2026-02-19 13:02:08.034085,510.73
2026-02-19 14:02:08.034085,458.98
2026-02-19 15:02:08.034085,316.05
2026-02-19 16:02:08.034085,413.96
2026-02-19 17:02:08.034085,222.32
2026-02-19 18:02:08.034085,180.14
2026-02-19 19:02:08.034085,116.02
2026-02-19 20:02:08.034085,62.99
2026-02-19 21:02:08.034085,31.78
2026-02-19 22:02:08.034085,19.85
2026-02-19 23:02:08.034085,8.34
2026-02-20 00:02:08.034085,0.67
2026-02-20 01:02:08.034085,1.4
2026-02-20 02:02:08.034085,3.42
2026-02-20 03:02:08.034085,10.1
2026-02-20 04:02:08.034085,22.93
2026-02-20 05:02:08.034085,44.92
2026-02-20 06:02:08.034085,66.16
2026-02-20 07:02:08.034085,131.08
2026-02-20 08:02:08.034085,248.93
2026-02-20 09:02:08.034085,349.5
2026-02-20 10:02:08.034085,292.32
2026-02-20 11:02:08.034085,309.97
2026-02-20 12:02:08.034085,408.65
2026-02-20 13:02:08.034085,529.68
2026-02-20 14:02:08.034085,553.91
2026-02-20 15:02:08.034085,450.0
2026-02-20 16:02:08.034085,406.23
2026-02-20 17:02:08.034085,302.75
2026-02-20 18:02:08.034085,188.08
2026-02-20 19:02:08.034085,112.32
2026-02-20 20:02:08.034085,93.47
2026-02-20 21:02:08.034085,41.92
2026-02-20 22:02:08.034085,23.6
2026-02-20 23:02:08.034085,10.6
2026-02-21 00:02:08.034085,0.55
2026-02-21 01:02:08.034085,1.54
2026-02-21 02:02:08.034085,4.66
2026-02-21 03:02:08.034085,8.32
2026-02-21 04:02:08.034085,22.79
2026-02-21 05:02:08.034085,48.09
2026-02-21 06:02:08.034085,75.29
2026-02-21 07:02:08.034085,113.28
2026-02-21 08:02:08.034085,232.15
2026-02-21 09:02:08.034085,324.9
2026-02-21 10:02:08.034085,365.03
2026-02-21 11:02:08.034085,478.62
2026-02-21 12:02:08.034085,498.36
2026-02-21 13:02:08.034085,607.12
2026-02-21 14:02:08.034085,494.75
2026-02-21 15:02:08.034085,542.23
2026-02-21 16:02:08.034085,478.31
2026-02-21 17:02:08.034085,252.79
2026-02-21 18:02:08.034085,232.12
2026-02-21 19:02:08.034085,141.26
2026-02-21 20:02:08.034085,69.79
2026-02-21 21:02:08.034085,36.3
2026-02-21 22:02:08.034085,13.78
2026-02-21 23:02:08.034085,8.57
2026-02-22 00:02:08.034085,0.46
2026-02-22 01:02:08.034085,1.28
2026-02-22 02:02:08.034085,3.14
2026-02-22 03:02:08.034085,6.98
2026-02-22 04:02:08.034085,21.27
2026-02-22 05:02:08.034085,40.13
2026-02-22 06:02:08.034085,86.96
2026-02-22 07:02:08.034085,133.49
2026-02-22 08:02:08.034085,206.03
2026-02-22 09:02:08.034085,232.06
2026-02-22 10:02:08.034085,368.86
2026-02-22 11:02:08.034085,569.25
2026-02-22 12:02:08.034085,522.43
2026-02-22 13:02:08.034085,520.2
2026-02-22 14:02:08.034085,524.01
2026-02-22 15:02:08.034085,378.58
2026-02-22 16:02:08.034085,451.51
2026-02-22 17:02:08.034085,259.44
2026-02-22 18:02:08.034085,218.13
2026-02-22 19:02:08.034085,128.91
2026-02-22 20:02:08.034085,58.54
2026-02-22 21:02:08.034085,42.2
2026-02-22 22:02:08.034085,18.95
2026-02-22 23:02:08.034085,7.48
2026-02-23 00:02:08.034085,0.47
2026-02-23 01:02:08.034085,1.92
2026-02-23 02:02:08.034085,4.01
2026-02-23 03:02:08.034085,9.73
2026-02-23 04:02:08.034085,23.58
2026-02-23 05:02:08.034085,39.43
2026-02-23 06:02:08.034085,56.7
2026-02-23 07:02:08.034085,151.72
2026-02-23 08:02:08.034085,183.47
2026-02-23 09:02:08.034085,252.37
2026-02-23 10:02:08.034085,422.02
2026-02-23 11:02:08.034085,536.14
2026-02-23 12:02:08.034085,638.16
2026-02-23 13:02:08.034085,476.02
2026-02-23 14:02:08.034085,477.83
2026-02-23 15:02:08.034085,376.73
2026-02-23 16:02:08.034085,379.8
2026-02-23 17:02:08.034085,227.85
2026-02-23 18:02:08.034085,214.51
2026-02-23 19:02:08.034085,107.22
2026-02-23 20:02:08.034085,59.66
2026-02-23 21:02:08.034085,35.46
2026-02-23 22:02:08.034085,24.92
2026-02-23 23:02:08.034085,9.28
2026-02-24 00:02:08.034085,0.58
2026-02-24 01:02:08.034085,1.44
2026-02-24 02:02:08.034085,3.63
2026-02-24 03:02:08.034085,8.06
2026-02-24 04:02:08.034085,18.51
2026-02-24 05:02:08.034085,38.25
2026-02-24 06:02:08.034085,93.47
2026-02-24 07:02:08.034085,107.15
2026-02-24 08:02:08.034085,215.66
2026-02-24 09:02:08.034085,303.79
2026-02-24 10:02:08.034085,384.56
2026-02-24 11:02:08.034085,510.34
2026-02-24 12:02:08.034085,515.77
2026-02-24 13:02:08.034085,428.22
2026-02-24 14:02:08.034085,527.82
2026-02-24 15:02:08.034085,356.07
2026-02-24 16:02:08.034085,350.22
2026-02-24 17:02:08.034085,245.4
2026-02-24 18:02:08.034085,248.93
2026-02-24 19:02:08.034085,105.33
2026-02-24 20:02:08.034085,68.87
2026-02-24 21:02:08.034085,37.36
2026-02-24 22:02:08.034085,25.32
2026-02-24 23:02:08.034085,8.89
2026-02-25 00:02:08.034085,0.48
2026-02-25 01:02:08.034085,1.81
2026-02-25 02:02:08.034085,3.74
2026-02-25 03:02:08.034085,8.86
2026-02-25 04:02:08.034085,16.08
2026-02-25 05:02:08.034085,47.01
2026-02-25 06:02:08.034085,68.92
2026-02-25 07:02:08.034085,113.87
2026-02-25 08:02:08.034085,231.43
2026-02-25 09:02:08.034085,221.15
2026-02-25 10:02:08.034085,350.88
2026-02-25 11:02:08.034085,586.59
2026-02-25 12:02:08.034085,493.42
2026-02-25 13:02:08.034085,529.69
2026-02-25 14:02:08.034085,501.88
2026-02-25 15:02:08.034085,492.41
2026-02-25 16:02:08.034085,216.9
2026-02-25 17:02:08.034085,258.42
2026-02-25 18:02:08.034085,212.86
2026-02-25 19:02:08.034085,114.22
2026-02-25 20:02:08.034085,78.94
2026-02-25 21:02:08.034085,36.06
2026-02-25 22:02:08.034085,18.16
2026-02-25 23:02:08.034085,8.14
2026-02-26 00:02:08.034085,0.45
2026-02-26 01:02:08.034085,1.56
2026-02-26 02:02:08.034085,3.82
2026-02-26 03:02:08.034085,9.61
2026-02-26 04:02:08.034085,12.41
2026-02-26 05:02:08.034085,35.83
2026-02-26 06:02:08.034085,69.7
2026-02-26 07:02:08.034085,156.82
2026-02-26 08:02:08.034085,227.82
2026-02-26 09:02:08.034085,182.69
2026-02-26 10:02:08.034085,389.28
2026-02-26 11:02:08.034085,510.33
2026-02-26 12:02:08.034085,389.75
2026-02-26 13:02:08.034085,492.66
2026-02-26 14:02:08.034085,546.7
2026-02-26 15:02:08.034085,380.61
2026-02-26 16:02:08.034085,389.68
2026-02-26 17:02:08.034085,286.95
2026-02-26 18:02:08.034085,227.59
2026-02-26 19:02:08.034085,155.28
2026-02-26 20:02:08.034085,78.35
2026-02-26 21:02:08.034085,47.67
2026-02-26 22:02:08.034085,12.56
2026-02-26 23:02:08.034085,8.44
2026-02-27 00:02:08.034085,0.41
2026-02-27 01:02:08.034085,1.49
2026-02-27 02:02:08.034085,3.1
2026-02-27 03:02:08.034085,9.35
2026-02-27 04:02:08.034085,20.31
2026-02-27 05:02:08.034085,44.65
2026-02-27 06:02:08.034085,68.98
2026-02-27 07:02:08.034085,129.34
2026-02-27 08:02:08.034085,157.87
2026-02-27 09:02:08.034085,245.24
2026-02-27 10:02:08.034085,333.27
2026-02-27 11:02:08.034085,560.77
2026-02-27 12:02:08.034085,490.77
2026-02-27 13:02:08.034085,439.79
2026-02-27 14:02:08.034085,546.65
2026-02-27 15:02:08.034085,461.77
2026-02-27 16:02:08.034085,342.31
2026-02-27 17:02:08.034085,247.33
2026-02-27 18:02:08.034085,218.48
2026-02-27 19:02:08.034085,105.58
2026-02-27 20:02:08.034085,82.6
2026-02-27 21:02:08.034085,38.68
2026-02-27 22:02:08.034085,22.95
2026-02-27 23:02:08.034085,11.14
2026-02-28 00:02:08.034085,0.55
2026-02-28 01:02:08.034085,1.53
2026-02-28 02:02:08.034085,3.43
2026-02-28 03:02:08.034085,8.38
2026-02-28 04:02:08.034085,13.93
2026-02-28 05:02:08.034085,35.73
2026-02-28 06:02:08.034085,66.34
2026-02-28 07:02:08.034085,109.91
2026-02-28 08:02:08.034085,107.12
2026-02-28 09:02:08.034085,326.98
2026-02-28 10:02:08.034085,375.62
2026-02-28 11:02:08.034085,486.65
2026-02-28 12:02:08.034085,523.7
2026-02-28 13:02:08.034085,531.22
2026-02-28 14:02:08.034085,366.27
2026-02-28 15:02:08.034085,497.6
2026-02-28 16:02:08.034085,435.62
2026-02-28 17:02:08.034085,248.33
2026-02-28 18:02:08.034085,209.58
2026-02-28 19:02:08.034085,108.24
2026-02-28 20:02:08.034085,64.26
2026-02-28 21:02:08.034085,50.59
2026-02-28 22:02:08.034085,22.27
2026-02-28 23:02:08.034085,6.17
2026-03-01 00:02:08.034085,0.6
2026-03-01 01:02:08.034085,1.4
2026-03-01 02:02:08.034085,3.96
2026-03-01 03:02:08.034085,9.41
2026-03-01 04:02:08.034085,24.08
2026-03-01 05:02:08.034085,54.48
2026-03-01 06:02:08.034085,97.54
2026-03-01 07:02:08.034085,182.98
2026-03-01 08:02:08.034085,252.16
2026-03-01 09:02:08.034085,363.41
2026-03-01 10:02:08.034085,403.49
2026-03-01 11:02:08.034085,596.88
2026-03-01 12:02:08.034085,693.54
2026-03-01 13:02:08.034085,593.43
2026-03-01 14:02:08.034085,718.97
2026-03-01 15:02:08.034085,495.32
2026-03-01 16:02:08.034085,375.67
2026-03-01 17:02:08.034085,334.55
2026-03-01 18:02:08.034085,266.42
2026-03-01 19:02:08.034085,131.69
2026-03-01 20:02:08.034085,95.18
2026-03-01 21:02:08.034085,46.09
2026-03-01 22:02:08.034085,24.24
2026-03-01 23:02:08.034085,10.86
2026-03-02 00:02:08.034085,0.6
2026-03-02 01:02:08.034085,1.35
2026-03-02 02:02:08.034085,4.08
2026-03-02 03:02:08.034085,10.48
2026-03-02 04:02:08.034085,18.91
2026-03-02 05:02:08.034085,41.52
2026-03-02 06:02:08.034085,90.14
2026-03-02 07:02:08.034085,137.44
2026-03-02 08:02:08.034085,284.79
2026-03-02 09:02:08.034085,294.97
2026-03-02 10:02:08.034085,554.26
2026-03-02 11:02:08.034085,663.8
2026-03-02 12:02:08.034085,671.76
2026-03-02 13:02:08.034085,576.0
2026-03-02 14:02:08.034085,770.26
2026-03-02 15:02:08.034085,615.72
2026-03-02 16:02:08.034085,432.7
2026-03-02 17:02:08.034085,386.03
2026-03-02 18:02:08.034085,256.53
2026-03-02 19:02:08.034085,120.74
2026-03-02 20:02:08.034085,87.15
2026-03-02 21:02:08.034085,38.3
2026-03-02 22:02:08.034085,18.13
2026-03-02 23:02:08.034085,10.85
2026-03-03 00:02:08.034085,0.71
2026-03-03 01:02:08.034085,1.89
2026-03-03 02:02:08.034085,3.95
2026-03-03 03:02:08.034085,11.0
2026-03-03 04:02:08.034085,28.71
2026-03-03 05:02:08.034085,57.95
2026-03-03 06:02:08.034085,74.56
2026-03-03 07:02:08.034085,159.06
2026-03-03 08:02:08.034085,204.89
2026-03-03 09:02:08.034085,375.16
2026-03-03 10:02:08.034085,489.03
2026-03-03 11:02:08.034085,507.2
2026-03-03 12:02:08.034085,717.78
2026-03-03 13:02:08.034085,756.61
2026-03-03 14:02:08.034085,471.59
2026-03-03 15:02:08.034085,689.63
2026-03-03 16:02:08.034085,330.36
2026-03-03 17:02:08.034085,356.3
2026-03-03 18:02:08.034085,188.42
2026-03-03 19:02:08.034085,153.98
2026-03-03 20:02:08.034085,58.35
2026-03-03 21:02:08.034085,53.93
2026-03-03 22:02:08.034085,21.74
2026-03-03 23:02:08.034085,11.7
2026-03-04 00:02:08.034085,0.62
2026-03-04 01:02:08.034085,1.95
2026-03-04 02:02:08.034085,4.45
2026-03-04 03:02:08.034085,11.09
2026-03-04 04:02:08.034085,15.35
2026-03-04 05:02:08.034085,59.92
2026-03-04 06:02:08.034085,91.17
2026-03-04 07:02:08.034085,172.53
2026-03-04 08:02:08.034085,217.06
2026-03-04 09:02:08.034085,331.58
2026-03-04 10:02:08.034085,395.0
2026-03-04 11:02:08.034085,590.97
2026-03-04 12:02:08.034085,419.84
2026-03-04 13:02:08.034085,582.08
2026-03-04 14:02:08.034085,441.08
2026-03-04 15:02:08.034085,639.41
2026-03-04 16:02:08.034085,493.1
2026-03-04 17:02:08.034085,373.98
2026-03-04 18:02:08.034085,253.81
2026-03-04 19:02:08.034085,190.67
2026-03-04 20:02:08.034085,111.45
2026-03-04 21:02:08.034085,49.61
2026-03-04 22:02:08.034085,20.72
2026-03-04 23:02:08.034085,11.37
2026-03-05 00:02:08.034085,0.64
2026-03-05 01:02:08.034085,1.51
2026-03-05 02:02:08.034085,3.92
2026-03-05 03:02:08.034085,10.16
2026-03-05 04:02:08.034085,29.67
2026-03-05 05:02:08.034085,46.36
2026-03-05 06:02:08.034085,112.16
2026-03-05 07:02:08.034085,174.78
2026-03-05 08:02:08.034085,236.18
2026-03-05 09:02:08.034085,409.4
2026-03-05 10:02:08.034085,354.54
2026-03-05 11:02:08.034085,682.64
2026-03-05 12:02:08.034085,598.5
2026-03-05 13:02:08.034085,658.99
2026-03-05 14:02:08.034085,625.35
2026-03-05 15:02:08.034085,542.88
2026-03-05 16:02:08.034085,538.85
2026-03-05 17:02:08.034085,343.24
2026-03-05 18:02:08.034085,217.61
2026-03-05 19:02:08.034085,126.54
2026-03-05 20:02:08.034085,84.3
2026-03-05 21:02:08.034085,53.64
2026-03-05 22:02:08.034085,22.39
2026-03-05 23:02:08.034085,9.97
2026-03-06 00:02:08.034085,0.49
2026-03-06 01:02:08.034085,1.46
2026-03-06 02:02:08.034085,4.22
2026-03-06 03:02:08.034085,12.01
2026-03-06 04:02:08.034085,25.68
2026-03-06 05:02:08.034085,53.73
2026-03-06 06:02:08.034085,77.09
2026-03-06 07:02:08.034085,137.6
2026-03-06 08:02:08.034085,270.63
2026-03-06 09:02:08.034085,340.41
2026-03-06 10:02:08.034085,412.22
2026-03-06 11:02:08.034085,551.41
2026-03-06 12:02:08.034085,514.08
2026-03-06 13:02:08.034085,828.75
2026-03-06 14:02:08.034085,686.36
2026-03-06 15:02:08.034085,614.02
2026-03-06 16:02:08.034085,559.29
2026-03-06 17:02:08.034085,375.77
2026-03-06 18:02:08.034085,201.93
2026-03-06 19:02:08.034085,125.35
2026-03-06 20:02:08.034085,78.22
2026-03-06 21:02:08.034085,45.89
2026-03-06 22:02:08.034085,23.2
2026-03-06 23:02:08.034085,12.19
2026-03-07 00:02:08.034085,0.8
2026-03-07 01:02:08.034085,1.84
2026-03-07 02:02:08.034085,4.55
2026-03-07 03:02:08.034085,11.08
2026-03-07 04:02:08.034085,27.71
2026-03-07 05:02:08.034085,45.37
2026-03-07 06:02:08.034085,73.31
2026-03-07 07:02:08.034085,111.29
2026-03-07 08:02:08.034085,244.94
2026-03-07 09:02:08.034085,391.48
2026-03-07 10:02:08.034085,442.61
2026-03-07 11:02:08.034085,611.84
2026-03-07 12:02:08.034085,643.65
2026-03-07 13:02:08.034085,539.81
2026-03-07 14:02:08.034085,597.68
2026-03-07 15:02:08.034085,574.54
2026-03-07 16:02:08.034085,355.1
2026-03-07 17:02:08.034085,356.23
2026-03-07 18:02:08.034085,287.7
2026-03-07 19:02:08.034085,167.48
2026-03-07 20:02:08.034085,88.37
2026-03-07 21:02:08.034085,53.7
2026-03-07 22:02:08.034085,15.98
2026-03-07 23:02:08.034085,10.21
2026-03-08 00:02:08.034085,0.7
2026-03-08 01:02:08.034085,1.75
2026-03-08 02:02:08.034085,4.27
2026-03-08 03:02:08.034085,10.48
2026-03-08 04:02:08.034085,30.38
2026-03-08 05:02:08.034085,53.54
2026-03-08 06:02:08.034085,92.82
2026-03-08 07:02:08.034085,135.8
2026-03-08 08:02:08.034085,238.39
2026-03-08 09:02:08.034085,389.12
2026-03-08 10:02:08.034085,459.04
2026-03-08 11:02:08.034085,644.44
2026-03-08 12:02:08.034085,777.98
2026-03-08 13:02:08.034085,647.48
2026-03-08 14:02:08.034085,714.52
2026-03-08 15:02:08.034085,536.18
2026-03-08 16:02:08.034085,367.53
2026-03-08 17:02:08.034085,353.46
2026-03-08 18:02:08.034085,183.49
2026-03-08 19:02:08.034085,126.91
2026-03-08 20:02:08.034085,89.94
2026-03-08 21:02:08.034085,35.08
2026-03-08 22:02:08.034085,29.95
2026-03-08 23:02:08.034085,8.23
2026-03-09 00:02:08.034085,0.61
2026-03-09 01:02:08.034085,2.18
2026-03-09 02:02:08.034085,5.17
2026-03-09 03:02:08.034085,11.3
2026-03-09 04:02:08.034085,24.25
2026-03-09 05:02:08.034085,36.98
2026-03-09 06:02:08.034085,101.46
2026-03-09 07:02:08.034085,120.78
2026-03-09 08:02:08.034085,231.92
2026-03-09 09:02:08.034085,346.45
2026-03-09 10:02:08.034085,512.8
2026-03-09 11:02:08.034085,492.85
2026-03-09 12:02:08.034085,527.67
2026-03-09 13:02:08.034085,560.9
2026-03-09 14:02:08.034085,654.76
2026-03-09 15:02:08.034085,428.08
2026-03-09 16:02:08.034085,434.77
2026-03-09 17:02:08.034085,269.19
2026-03-09 18:02:08.034085,238.15
2026-03-09 19:02:08.034085,116.67
2026-03-09 20:02:08.034085,79.41
2026-03-09 21:02:08.034085,33.16
2026-03-09 22:02:08.034085,24.9
2026-03-09 23:02:08.034085,12.44
2026-03-10 00:02:08.034085,0.64
2026-03-10 01:02:08.034085,1.84
2026-03-10 02:02:08.034085,4.82
2026-03-10 03:02:08.034085,9.9
2026-03-10 04:02:08.034085,20.22
2026-03-10 05:02:08.034085,35.56
2026-03-10 06:02:08.034085,86.56
2026-03-10 07:02:08.034085,159.11
2026-03-10 08:02:08.034085,270.36
2026-03-10 09:02:08.034085,298.15
2026-03-10 10:02:08.034085,387.14
2026-03-10 11:02:08.034085,506.43
2026-03-10 12:02:08.034085,795.6
2026-03-10 13:02:08.034085,754.14
2026-03-10 14:02:08.034085,570.84
2026-03-10 15:02:08.034085,641.47
2026-03-10 16:02:08.034085,406.19
2026-03-10 17:02:08.034085,347.6
2026-03-10 18:02:08.034085,298.72
2026-03-10 19:02:08.034085,154.42
2026-03-10 20:02:08.034085,102.32
2026-03-10 21:02:08.034085,46.03
2026-03-10 22:02:08.034085,26.47
2026-03-10 23:02:08.034085,9.94
2026-03-11 00:02:08.034085,0.79
2026-03-11 01:02:08.034085,1.52
2026-03-11 02:02:08.034085,4.21
2026-03-11 03:02:08.034085,10.58
2026-03-11 04:02:08.034085,22.02
2026-03-11 05:02:08.034085,49.13
2026-03-11 06:02:08.034085,70.8
2026-03-11 07:02:08.034085,161.68
2026-03-11 08:02:08.034085,244.46
2026-03-11 09:02:08.034085,398.67
2026-03-11 10:02:08.034085,461.79
2026-03-11 11:02:08.034085,511.51
2026-03-11 12:02:08.034085,557.16
2026-03-11 13:02:08.034085,709.02
2026-03-11 14:02:08.034085,653.45
2026-03-11 15:02:08.034085,566.8
2026-03-11 16:02:08.034085,426.49
2026-03-11 17:02:08.034085,372.81
2026-03-11 18:02:08.034085,181.25
2026-03-11 19:02:08.034085,144.86
2026-03-11 20:02:08.034085,80.53
2026-03-11 21:02:08.034085,48.9
2026-03-11 22:02:08.034085,25.18
2026-03-11 23:02:08.034085,10.1
2026-03-12 00:02:08.034085,0.59
2026-03-12 01:02:08.034085,2.07
2026-03-12 02:02:08.034085,4.59
2026-03-12 03:02:08.034085,10.07
2026-03-12 04:02:08.034085,25.39
2026-03-12 05:02:08.034085,51.66
2026-03-12 06:02:08.034085,89.4
2026-03-12 07:02:08.034085,131.39
2026-03-12 08:02:08.034085,241.28
2026-03-12 09:02:08.034085,335.99
2026-03-12 10:02:08.034085,541.03
2026-03-12 11:02:08.034085,679.42
2026-03-12 12:02:08.034085,652.31
2026-03-12 13:02:08.034085,542.79
2026-03-12 14:02:08.034085,490.27
2026-03-12 15:02:08.034085,492.53
2026-03-12 16:02:08.034085,548.21
2026-03-12 17:02:08.034085,339.98
2026-03-12 18:02:08.034085,208.87
2026-03-12 19:02:08.034085,166.97
2026-03-12 20:02:08.034085,76.31
2026-03-12 21:02:08.034085,54.0
2026-03-12 22:02:08.034085,19.4
2026-03-12 23:02:08.034085,11.34
2026-03-13 00:02:08.034085,0.63
2026-03-13 01:02:08.034085,2.16
2026-03-13 02:02:08.034085,2.78
2026-03-13 03:02:08.034085,13.75
2026-03-13 04:02:08.034085,24.68
2026-03-13 05:02:08.034085,48.64
2026-03-13 06:02:08.034085,79.64
2026-03-13 07:02:08.034085,147.14
2026-03-13 08:02:08.034085,244.97
2026-03-13 09:02:08.034085,323.13
2026-03-13 10:02:08.034085,439.31
2026-03-13 11:02:08.034085,650.65
2026-03-13 12:02:08.034085,621.9
2026-03-13 13:02:08.034085,733.63
2026-03-13 14:02:08.034085,487.05
2026-03-13 15:02:08.034085,423.55
2026-03-13 16:02:08.034085,419.85
2026-03-13 17:02:08.034085,393.21
2026-03-13 18:02:08.034085,233.65
2026-03-13 19:02:08.034085,146.42
2026-03-13 20:02:08.034085,103.15
2026-03-13 21:02:08.034085,48.63
2026-03-13 22:02:08.034085,25.87
2026-03-13 23:02:08.034085,8.32
2026-03-14 00:02:08.034085,0.71
2026-03-14 01:02:08.034085,1.92
2026-03-14 02:02:08.034085,3.29
2026-03-14 03:02:08.034085,12.1
2026-03-14 04:02:08.034085,21.79
2026-03-14 05:02:08.034085,35.27
2026-03-14 06:02:08.034085,68.14
2026-03-14 07:02:08.034085,138.0
2026-03-14 08:02:08.034085,258.66
2026-03-14 09:02:08.034085,335.62
2026-03-14 10:02:08.034085,337.74
2026-03-14 11:02:08.034085,537.02
2026-03-14 12:02:08.034085,765.06
2026-03-14 13:02:08.034085,628.72
2026-03-14 14:02:08.034085,555.26
2026-03-14 15:02:08.034085,420.9
2026-03-14 16:02:08.034085,415.82
2026-03-14 17:02:08.034085,363.49
2026-03-14 18:02:08.034085,227.27
2026-03-14 19:02:08.034085,152.91
2026-03-14 20:02:08.034085,86.54
2026-03-14 21:02:08.034085,48.29
2026-03-14 22:02:08.034085,21.13
2026-03-14 23:02:08.034085,11.49
2026-03-15 00:02:08.034085,0.66
2026-03-15 01:02:08.034085,2.11
2026-03-15 02:02:08.034085,5.8
2026-03-15 03:02:08.034085,9.79
2026-03-15 04:02:08.034085,23.01
2026-03-15 05:02:08.034085,52.33
2026-03-15 06:02:08.034085,67.47
2026-03-15 07:02:08.034085,160.83
2026-03-15 08:02:08.034085,162.78
2026-03-15 09:02:08.034085,327.7
2026-03-15 10:02:08.034085,468.21
2026-03-15 11:02:08.034085,525.24
2026-03-15 12:02:08.034085,712.58
2026-03-15 13:02:08.034085,369.11
2026-03-15 14:02:08.034085,649.02
2026-03-15 15:02:08.034085,698.54
2026-03-15 16:02:08.034085,525.76
2026-03-15 17:02:08.034085,347.04
2026-03-15 18:02:08.034085,244.91
2026-03-15 19:02:08.034085,108.48
2026-03-15 20:02:08.034085,75.13
2026-03-15 21:02:08.034085,49.58
2026-03-15 22:02:08.034085,20.44
2026-03-15 23:02:08.034085,13.2
2026-03-16 00:02:08.034085,0.59
2026-03-16 01:02:08.034085,2.15
2026-03-16 02:02:08.034085,3.97
2026-03-16 03:02:08.034085,12.09
2026-03-16 04:02:08.034085,25.09
2026-03-16 05:02:08.034085,46.79
2026-03-16 06:02:08.034085,78.83
2026-03-16 07:02:08.034085,158.87
2026-03-16 08:02:08.034085,211.58
2026-03-16 09:02:08.034085,281.68
2026-03-16 10:02:08.034085,453.97
2026-03-16 11:02:08.034085,501.14
2026-03-16 12:02:08.034085,587.0
2026-03-16 13:02:08.034085,539.93
2026-03-16 14:02:08.034085,649.88
2026-03-16 15:02:08.034085,613.35
2026-03-16 16:02:08.034085,372.61
2026-03-16 17:02:08.034085,431.32
2026-03-16 18:02:08.034085,162.45
2026-03-16 19:02:08.034085,137.44
2026-03-16 20:02:08.034085,97.02
2026-03-16 21:02:08.034085,45.51
2026-03-16 22:02:08.034085,20.32
2026-03-16 23:02:08.034085,10.06
2026-03-17 00:02:08.034085,0.58
2026-03-17 01:02:08.034085,1.88
2026-03-17 02:02:08.034085,4.96
2026-03-17 03:02:08.034085,11.22
2026-03-17 04:02:08.034085,25.41
2026-03-17 05:02:08.034085,52.61
2026-03-17 06:02:08.034085,99.96
2026-03-17 07:02:08.034085,146.09
2026-03-17 08:02:08.034085,198.71
2026-03-17 09:02:08.034085,312.41
2026-03-17 10:02:08.034085,441.42
2026-03-17 11:02:08.034085,606.88
2026-03-17 12:02:08.034085,638.67
2026-03-17 13:02:08.034085,755.67
2026-03-17 14:02:08.034085,792.92
2026-03-17 15:02:08.034085,508.26
2026-03-17 16:02:08.034085,479.55
2026-03-17 17:02:08.034085,343.33
2026-03-17 18:02:08.034085,235.77
2026-03-17 19:02:08.034085,180.84
2026-03-17 20:02:08.034085,88.69
2026-03-17 21:02:08.034085,56.91
2026-03-17 22:02:08.034085,22.09
2026-03-17 23:02:08.034085,10.76
2026-03-18 00:02:08.034085,0.61
2026-03-18 01:02:08.034085,1.64
2026-03-18 02:02:08.034085,4.63
2026-03-18 03:02:08.034085,8.72
2026-03-18 04:02:08.034085,19.77
2026-03-18 05:02:08.034085,47.57
2026-03-18 06:02:08.034085,78.97
2026-03-18 07:02:08.034085,128.99
2026-03-18 08:02:08.034085,226.55
2026-03-18 09:02:08.034085,324.2
2026-03-18 10:02:08.034085,399.77
2026-03-18 11:02:08.034085,467.3
2026-03-18 12:02:08.034085,596.88
2026-03-18 13:02:08.034085,592.36
2026-03-18 14:02:08.034085,549.35
2026-03-18 15:02:08.034085,593.83
2026-03-18 16:02:08.034085,573.97
2026-03-18 17:02:08.034085,417.68
2026-03-18 18:02:08.034085,195.52
2026-03-18 19:02:08.034085,140.27
2026-03-18 20:02:08.034085,88.02
2026-03-18 21:02:08.034085,53.01
2026-03-18 22:02:08.034085,18.93
2026-03-18 23:02:08.034085,8.27
2026-03-19 00:02:08.034085,0.76
2026-03-19 01:02:08.034085,2.13
2026-03-19 02:02:08.034085,5.63
2026-03-19 03:02:08.034085,10.16
2026-03-19 04:02:08.034085,27.1
2026-03-19 05:02:08.034085,34.74
2026-03-19 06:02:08.034085,100.05
2026-03-19 07:02:08.034085,107.27
2026-03-19 08:02:08.034085,219.41
2026-03-19 09:02:08.034085,354.37
2026-03-19 10:02:08.034085,547.56
2026-03-19 11:02:08.034085,475.97
2026-03-19 12:02:08.034085,715.34
2026-03-19 13:02:08.034085,828.75
2026-03-19 14:02:08.034085,483.96
2026-03-19 15:02:08.034085,498.91
2026-03-19 16:02:08.034085,446.48
2026-03-19 17:02:08.034085,335.69
2026-03-19 18:02:08.034085,217.31
2026-03-19 19:02:08.034085,149.82
2026-03-19 20:02:08.034085,112.16
2026-03-19 21:02:08.034085,51.13
2026-03-19 22:02:08.034085,23.2
2026-03-19 23:02:08.034085,9.94
2026-03-20 00:02:08.034085,0.74
2026-03-20 01:02:08.034085,1.32
2026-03-20 02:02:08.034085,5.67
2026-03-20 03:02:08.034085,12.06
2026-03-20 04:02:08.034085,19.77
2026-03-20 05:02:08.034085,35.26
2026-03-20 06:02:08.034085,78.5
2026-03-20 07:02:08.034085,138.75
2026-03-20 08:02:08.034085,221.8
2026-03-20 09:02:08.034085,409.72
2026-03-20 10:02:08.034085,368.37
2026-03-20 11:02:08.034085,425.17
2026-03-20 12:02:08.034085,649.65
2026-03-20 13:02:08.034085,748.86
2026-03-20 14:02:08.034085,672.07
2026-03-20 15:02:08.034085,514.99
2026-03-20 16:02:08.034085,489.95
2026-03-20 17:02:08.034085,337.61
2026-03-20 18:02:08.034085,252.87
2026-03-20 19:02:08.034085,125.35
2026-03-20 20:02:08.034085,86.61
2026-03-20 21:02:08.034085,47.7
2026-03-20 22:02:08.034085,26.93
2026-03-20 23:02:08.034085,11.39
2026-03-21 00:02:08.034085,0.69
2026-03-21 01:02:08.034085,1.95
2026-03-21 02:02:08.034085,5.06
2026-03-21 03:02:08.034085,10.32
2026-03-21 04:02:08.034085,24.51
2026-03-21 05:02:08.034085,50.83
2026-03-21 06:02:08.034085,73.59
2026-03-21 07:02:08.034085,136.24
2026-03-21 08:02:08.034085,223.88
2026-03-21 09:02:08.034085,341.31
2026-03-21 10:02:08.034085,535.17
2026-03-21 11:02:08.034085,489.14
2026-03-21 12:02:08.034085,604.7
2026-03-21 13:02:08.034085,482.9
2026-03-21 14:02:08.034085,516.64
2026-03-21 15:02:08.034085,601.45
2026-03-21 16:02:08.034085,345.87
2026-03-21 17:02:08.034085,340.27
2026-03-21 18:02:08.034085,298.72
2026-03-21 19:02:08.034085,186.47
2026-03-21 20:02:08.034085,82.67
2026-03-21 21:02:08.034085,40.38
2026-03-21 22:02:08.034085,21.53
2026-03-21 23:02:08.034085,10.69
2026-03-22 00:02:08.034085,0.66
2026-03-22 01:02:08.034085,2.12
2026-03-22 02:02:08.034085,5.2
2026-03-22 03:02:08.034085,7.5
2026-03-22 04:02:08.034085,30.38
2026-03-22 05:02:08.034085,47.11
2026-03-22 06:02:08.034085,74.82
2026-03-22 07:02:08.034085,170.89
2026-03-22 08:02:08.034085,197.34
2026-03-22 09:02:08.034085,328.86
2026-03-22 10:02:08.034085,338.83
2026-03-22 11:02:08.034085,519.75
2026-03-22 12:02:08.034085,555.4
2026-03-22 13:02:08.034085,679.01
2026-03-22 14:02:08.034085,795.6
2026-03-22 15:02:08.034085,549.03
2026-03-22 16:02:08.034085,371.06
2026-03-22 17:02:08.034085,289.7
2026-03-22 18:02:08.034085,298.72
2026-03-22 19:02:08.034085,164.63
2026-03-22 20:02:08.034085,92.38
2026-03-22 21:02:08.034085,51.71
2026-03-22 22:02:08.034085,19.46
2026-03-22 23:02:08.034085,10.79
2026-03-23 00:02:08.034085,0.72
2026-03-23 01:02:08.034085,1.69
2026-03-23 02:02:08.034085,4.15
2026-03-23 03:02:08.034085,8.88
2026-03-23 04:02:08.034085,22.71
2026-03-23 05:02:08.034085,49.39
2026-03-23 06:02:08.034085,78.65
2026-03-23 07:02:08.034085,161.65
2026-03-23 08:02:08.034085,218.3
2026-03-23 09:02:08.034085,264.48
2026-03-23 10:02:08.034085,473.31
2026-03-23 11:02:08.034085,544.64
2026-03-23 12:02:08.034085,718.46
2026-03-23 13:02:08.034085,632.96
2026-03-23 14:02:08.034085,699.97
2026-03-23 15:02:08.034085,491.61
2026-03-23 16:02:08.034085,520.62
2026-03-23 17:02:08.034085,243.83
2026-03-23 18:02:08.034085,201.98
2026-03-23 19:02:08.034085,155.58
2026-03-23 20:02:08.034085,90.35
2026-03-23 21:02:08.034085,34.04
2026-03-23 22:02:08.034085,24.84
2026-03-23 23:02:08.034085,11.28
2026-03-24 00:02:08.034085,0.55
2026-03-24 01:02:08.034085,1.88
2026-03-24 02:02:08.034085,4.18
2026-03-24 03:02:08.034085,11.02
2026-03-24 04:02:08.034085,26.66
2026-03-24 05:02:08.034085,43.43
2026-03-24 06:02:08.034085,90.23
2026-03-24 07:02:08.034085,142.87
2026-03-24 08:02:08.034085,263.21
2026-03-24 09:02:08.034085,359.34
2026-03-24 10:02:08.034085,490.87
2026-03-24 11:02:08.034085,494.55
2026-03-24 12:02:08.034085,542.75
2026-03-24 13:02:08.034085,410.41
2026-03-24 14:02:08.034085,795.6
2026-03-24 15:02:08.034085,481.43
2026-03-24 16:02:08.034085,366.21
2026-03-24 17:02:08.034085,379.05
2026-03-24 18:02:08.034085,219.77
2026-03-24 19:02:08.034085,145.83
2026-03-24 20:02:08.034085,79.47
2026-03-24 21:02:08.034085,44.54
2026-03-24 22:02:08.034085,25.71
2026-03-24 23:02:08.034085,12.89
2026-03-25 00:02:08.034085,0.54
2026-03-25 01:02:08.034085,1.6
2026-03-25 02:02:08.034085,5.66
2026-03-25 03:02:08.034085,9.32
2026-03-25 04:02:08.034085,17.8
2026-03-25 05:02:08.034085,33.34
2026-03-25 06:02:08.034085,97.64
2026-03-25 07:02:08.034085,154.41
2026-03-25 08:02:08.034085,190.81
2026-03-25 09:02:08.034085,342.58
2026-03-25 10:02:08.034085,472.83
2026-03-25 11:02:08.034085,652.57
2026-03-25 12:02:08.034085,585.81
2026-03-25 13:02:08.034085,724.07
2026-03-25 14:02:08.034085,660.82
2026-03-25 15:02:08.034085,516.4
2026-03-25 16:02:08.034085,419.41
2026-03-25 17:02:08.034085,399.56
2026-03-25 18:02:08.034085,220.75
2026-03-25 19:02:08.034085,143.0
2026-03-25 20:02:08.034085,77.92
2026-03-25 21:02:08.034085,45.2
2026-03-25 22:02:08.034085,26.84
2026-03-25 23:02:08.034085,11.08
2026-03-26 00:02:08.034085,0.52
2026-03-26 01:02:08.034085,1.76
2026-03-26 02:02:08.034085,3.84
2026-03-26 03:02:08.034085,11.76
2026-03-26 04:02:08.034085,22.69
2026-03-26 05:02:08.034085,42.5
2026-03-26 06:02:08.034085,112.16
2026-03-26 07:02:08.034085,165.75
2026-03-26 08:02:08.034085,174.76
2026-03-26 09:02:08.034085,336.26
2026-03-26 10:02:08.034085,442.87
2026-03-26 11:02:08.034085,503.12
2026-03-26 12:02:08.034085,679.6
2026-03-26 13:02:08.034085,624.45
2026-03-26 14:02:08.034085,596.69
2026-03-26 15:02:08.034085,530.92
2026-03-26 16:02:08.034085,573.97
2026-03-26 17:02:08.034085,372.18
2026-03-26 18:02:08.034085,228.07
2026-03-26 19:02:08.034085,108.84
2026-03-26 20:02:08.034085,70.8
2026-03-26 21:02:08.034085,48.48
2026-03-26 22:02:08.034085,18.64
2026-03-26 23:02:08.034085,11.33
2026-03-27 00:02:08.034085,0.5
2026-03-27 01:02:08.034085,2.06
2026-03-27 02:02:08.034085,5.38
2026-03-27 03:02:08.034085,10.67
2026-03-27 04:02:08.034085,22.53
2026-03-27 05:02:08.034085,47.71
2026-03-27 06:02:08.034085,81.98
2026-03-27 07:02:08.034085,128.86
2026-03-27 08:02:08.034085,246.44
2026-03-27 09:02:08.034085,251.0
2026-03-27 10:02:08.034085,425.2
2026-03-27 11:02:08.034085,547.34
2026-03-27 12:02:08.034085,586.71
2026-03-27 13:02:08.034085,683.55
2026-03-27 14:02:08.034085,580.51
2026-03-27 15:02:08.034085,480.42
2026-03-27 16:02:08.034085,454.33
2026-03-27 17:02:08.034085,330.28
2026-03-27 18:02:08.034085,194.0
2026-03-27 19:02:08.034085,158.06
2026-03-27 20:02:08.034085,96.33
2026-03-27 21:02:08.034085,50.51
2026-03-27 22:02:08.034085,18.85
2026-03-27 23:02:08.034085,10.06
2026-03-28 00:02:08.034085,0.6
2026-03-28 01:02:08.034085,1.41
2026-03-28 02:02:08.034085,4.08
2026-03-28 03:02:08.034085,11.78
2026-03-28 04:02:08.034085,24.04
2026-03-28 05:02:08.034085,39.49
2026-03-28 06:02:08.034085,87.49
2026-03-28 07:02:08.034085,98.09
2026-03-28 08:02:08.034085,229.5
2026-03-28 09:02:08.034085,177.35
2026-03-28 10:02:08.034085,414.27
2026-03-28 11:02:08.034085,502.89
2026-03-28 12:02:08.034085,706.39
2026-03-28 13:02:08.034085,672.75
2026-03-28 14:02:08.034085,680.15
2026-03-28 15:02:08.034085,510.3
2026-03-28 16:02:08.034085,485.03
2026-03-28 17:02:08.034085,431.32
2026-03-28 18:02:08.034085,249.87
2026-03-28 19:02:08.034085,131.66
2026-03-28 20:02:08.034085,86.36
2026-03-28 21:02:08.034085,41.88
2026-03-28 22:02:08.034085,26.2
2026-03-28 23:02:08.034085,9.63
2026-03-29 00:02:08.034085,0.59
2026-03-29 01:02:08.034085,2.07
2026-03-29 02:02:08.034085,4.76
2026-03-29 03:02:08.034085,11.01
2026-03-29 04:02:08.034085,24.99
2026-03-29 05:02:08.034085,49.33
2026-03-29 06:02:08.034085,100.49
2026-03-29 07:02:08.034085,141.38
2026-03-29 08:02:08.034085,232.03
2026-03-29 09:02:08.034085,380.3
2026-03-29 10:02:08.034085,440.78
2026-03-29 11:02:08.034085,616.01
2026-03-29 12:02:08.034085,647.21
2026-03-29 13:02:08.034085,622.18
2026-03-29 14:02:08.034085,601.77
2026-03-29 15:02:08.034085,566.95
2026-03-29 16:02:08.034085,461.33
2026-03-29 17:02:08.034085,316.2
2026-03-29 18:02:08.034085,204.05
2026-03-29 19:02:08.034085,152.34
2026-03-29 20:02:08.034085,78.16
2026-03-29 21:02:08.034085,33.15
2026-03-29 22:02:08.034085,29.77
2026-03-29 23:02:08.034085,11.21
2026-03-30 00:02:08.034085,0.83
2026-03-30 01:02:08.034085,2.11
2026-03-30 02:02:08.034085,4.56
2026-03-30 03:02:08.034085,7.8
2026-03-30 04:02:08.034085,20.4
2026-03-30 05:02:08.034085,45.83
2026-03-30 06:02:08.034085,82.3
2026-03-30 07:02:08.034085,174.24
2026-03-30 08:02:08.034085,199.08
2026-03-30 09:02:08.034085,431.32
2026-03-30 10:02:08.034085,348.68
2026-03-30 11:02:08.034085,648.75
2026-03-30 12:02:08.034085,668.84
2026-03-30 13:02:08.034085,659.61
2026-03-30 14:02:08.034085,499.83
2026-03-30 15:02:08.034085,703.91
2026-03-30 16:02:08.034085,434.58
2026-03-30 17:02:08.034085,303.06
2026-03-30 18:02:08.034085,191.59
2026-03-30 19:02:08.034085,110.28
2026-03-30 20:02:08.034085,87.77
2026-03-30 21:02:08.034085,54.74
2026-03-30 22:02:08.034085,26.59
2026-03-30 23:02:08.034085,9.97
2026-03-31 00:02:08.034085,0.81
2026-03-31 01:02:08.034085,2.27
2026-03-31 02:02:08.034085,3.95
2026-03-31 03:02:08.034085,12.34
2026-03-31 04:02:08.034085,22.94
2026-03-31 05:02:08.034085,53.89
2026-03-31 06:02:08.034085,72.89
2026-03-31 07:02:08.034085,158.43
2026-03-31 08:02:08.034085,273.16
2026-03-31 09:02:08.034085,371.36
2026-03-31 10:02:08.034085,505.74
2026-03-31 11:02:08.034085,650.48
2026-03-31 12:02:08.034085,611.96
2026-03-31 13:02:08.034085,595.03
2026-03-31 14:02:08.034085,462.78
2026-03-31 15:02:08.034085,455.25
2026-03-31 16:02:08.034085,367.65
2026-03-31 17:02:08.034085,387.69
2026-03-31 18:02:08.034085,168.75
2026-03-31 19:02:08.034085,171.49
2026-03-31 20:02:08.034085,93.61
2026-03-31 21:02:08.034085,48.09
2026-03-31 22:02:08.034085,22.41
2026-03-31 23:02:08.034085,12.49
2026-04-01 00:02:08.034085,0.81
2026-04-01 01:02:08.034085,1.48
2026-04-01 02:02:08.034085,6.93
2026-04-01 03:02:08.034085,12.27
2026-04-01 04:02:08.034085,26.97
2026-04-01 05:02:08.034085,40.71
2026-04-01 06:02:08.034085,98.82
2026-04-01 07:02:08.034085,116.73
2026-04-01 08:02:08.034085,250.43
2026-04-01 09:02:08.034085,290.02
2026-04-01 10:02:08.034085,449.96
2026-04-01 11:02:08.034085,748.56
2026-04-01 12:02:08.034085,706.07
2026-04-01 13:02:08.034085,762.96
2026-04-01 14:02:08.034085,865.08
2026-04-01 15:02:08.034085,552.44
2026-04-01 16:02:08.034085,399.7
2026-04-01 17:02:08.034085,385.73
2026-04-01 18:02:08.034085,289.01
2026-04-01 19:02:08.034085,115.36
2026-04-01 20:02:08.034085,93.25
2026-04-01 21:02:08.034085,64.63
2026-04-01 22:02:08.034085,29.08
2026-04-01 23:02:08.034085,7.25
2026-04-02 00:02:08.034085,0.67
2026-04-02 01:02:08.034085,2.48
2026-04-02 02:02:08.034085,6.05
2026-04-02 03:02:08.034085,12.57
2026-04-02 04:02:08.034085,29.21
2026-04-02 05:02:08.034085,48.05
2026-04-02 06:02:08.034085,117.54
2026-04-02 07:02:08.034085,138.6
2026-04-02 08:02:08.034085,272.67
2026-04-02 09:02:08.034085,383.62
2026-04-02 10:02:08.034085,476.69
2026-04-02 11:02:08.034085,629.7
2026-04-02 12:02:08.034085,687.01
2026-04-02 13:02:08.034085,802.34
2026-04-02 14:02:08.034085,755.86
2026-04-02 15:02:08.034085,601.14
2026-04-02 16:02:08.034085,592.07
2026-04-02 17:02:08.034085,291.1
2026-04-02 18:02:08.034085,277.76
2026-04-02 19:02:08.034085,132.06
2026-04-02 20:02:08.034085,118.22
2026-04-02 21:02:08.034085,65.68
2026-04-02 22:02:08.034085,20.76
2026-04-02 23:02:08.034085,13.68
2026-04-03 00:02:08.034085,0.51
2026-04-03 01:02:08.034085,2.31
2026-04-03 02:02:08.034085,4.4
2026-04-03 03:02:08.034085,13.2
2026-04-03 04:02:08.034085,29.84
2026-04-03 05:02:08.034085,52.55
2026-04-03 06:02:08.034085,111.08
2026-04-03 07:02:08.034085,143.49
2026-04-03 08:02:08.034085,240.66
2026-04-03 09:02:08.034085,382.34
2026-04-03 10:02:08.034085,603.21
2026-04-03 11:02:08.034085,548.3
2026-04-03 12:02:08.034085,607.1
2026-04-03 13:02:08.034085,759.63
2026-04-03 14:02:08.034085,778.3
2026-04-03 15:02:08.034085,508.54
2026-04-03 16:02:08.034085,613.25
2026-04-03 17:02:08.034085,271.44
2026-04-03 18:02:08.034085,268.51
2026-04-03 19:02:08.034085,190.64
2026-04-03 20:02:08.034085,106.65
2026-04-03 21:02:08.034085,49.64
2026-04-03 22:02:08.034085,29.14
2026-04-03 23:02:08.034085,10.2
2026-04-04 00:02:08.034085,0.72
2026-04-04 01:02:08.034085,1.78
2026-04-04 02:02:08.034085,5.47
2026-04-04 03:02:08.034085,11.9
2026-04-04 04:02:08.034085,28.23
2026-04-04 05:02:08.034085,59.48
2026-04-04 06:02:08.034085,88.77
2026-04-04 07:02:08.034085,146.65
2026-04-04 08:02:08.034085,268.72
2026-04-04 09:02:08.034085,406.73
2026-04-04 10:02:08.034085,506.76
2026-04-04 11:02:08.034085,657.06
2026-04-04 12:02:08.034085,737.5
2026-04-04 13:02:08.034085,945.38
2026-04-04 14:02:08.034085,803.46
2026-04-04 15:02:08.034085,588.53
2026-04-04 16:02:08.034085,448.73
2026-04-04 17:02:08.034085,347.8
2026-04-04 18:02:08.034085,272.32
2026-04-04 19:02:08.034085,169.8
2026-04-04 20:02:08.034085,116.44
2026-04-04 21:02:08.034085,64.82
2026-04-04 22:02:08.034085,25.04
2026-04-04 23:02:08.034085,10.1
2026-04-05 00:02:08.034085,0.79
2026-04-05 01:02:08.034085,1.92
2026-04-05 02:02:08.034085,5.24
2026-04-05 03:02:08.034085,13.93
2026-04-05 04:02:08.034085,23.23
2026-04-05 05:02:08.034085,56.87
2026-04-05 06:02:08.034085,124.07
2026-04-05 07:02:08.034085,180.44
2026-04-05 08:02:08.034085,227.68
2026-04-05 09:02:08.034085,332.44
2026-04-05 10:02:08.034085,557.54
2026-04-05 11:02:08.034085,689.77
2026-04-05 12:02:08.034085,744.75
2026-04-05 13:02:08.034085,591.82
2026-04-05 14:02:08.034085,867.21
2026-04-05 15:02:08.034085,651.3
2026-04-05 16:02:08.034085,521.35
2026-04-05 17:02:08.034085,307.14
2026-04-05 18:02:08.034085,279.16
2026-04-05 19:02:08.034085,166.42
2026-04-05 20:02:08.034085,112.52
2026-04-05 21:02:08.034085,62.36
2026-04-05 22:02:08.034085,21.49
2026-04-05 23:02:08.034085,12.8
2026-04-06 00:02:08.034085,0.92
2026-04-06 01:02:08.034085,1.75
2026-04-06 02:02:08.034085,4.66
2026-04-06 03:02:08.034085,14.14
2026-04-06 04:02:08.034085,34.17
2026-04-06 05:02:08.034085,57.43
2026-04-06 06:02:08.034085,110.53
2026-04-06 07:02:08.034085,155.44
2026-04-06 08:02:08.034085,345.4
2026-04-06 09:02:08.034085,338.28
2026-04-06 10:02:08.034085,536.82
2026-04-06 11:02:08.034085,576.74
2026-04-06 12:02:08.034085,701.53
2026-04-06 13:02:08.034085,799.42
2026-04-06 14:02:08.034085,689.2
2026-04-06 15:02:08.034085,555.65
2026-04-06 16:02:08.034085,419.63
2026-04-06 17:02:08.034085,408.27
2026-04-06 18:02:08.034085,338.95
2026-04-06 19:02:08.034085,178.06
2026-04-06 20:02:08.034085,109.8
2026-04-06 21:02:08.034085,48.96
2026-04-06 22:02:08.034085,22.83
2026-04-06 23:02:08.034085,14.59
2026-04-07 00:02:08.034085,0.8
2026-04-07 01:02:08.034085,2.33
2026-04-07 02:02:08.034085,6.93
2026-04-07 03:02:08.034085,11.88
2026-04-07 04:02:08.034085,24.04
2026-04-07 05:02:08.034085,62.8
2026-04-07 06:02:08.034085,109.3
2026-04-07 07:02:08.034085,135.81
2026-04-07 08:02:08.034085,282.99
2026-04-07 09:02:08.034085,272.75
2026-04-07 10:02:08.034085,479.46
2026-04-07 11:02:08.034085,612.57
2026-04-07 12:02:08.034085,629.26
2026-04-07 13:02:08.034085,696.31
2026-04-07 14:02:08.034085,887.53
2026-04-07 15:02:08.034085,612.11
2026-04-07 16:02:08.034085,442.55
2026-04-07 17:02:08.034085,343.24
2026-04-07 18:02:08.034085,293.66
2026-04-07 19:02:08.034085,158.94
2026-04-07 20:02:08.034085,107.8
2026-04-07 21:02:08.034085,52.39
2026-04-07 22:02:08.034085,29.95
2026-04-07 23:02:08.034085,11.93
2026-04-08 00:02:08.034085,0.84
2026-04-08 01:02:08.034085,2.24
2026-04-08 02:02:08.034085,4.87
2026-04-08 03:02:08.034085,13.08
2026-04-08 04:02:08.034085,31.04
2026-04-08 05:02:08.034085,49.56
2026-04-08 06:02:08.034085,102.45
2026-04-08 07:02:08.034085,184.83
2026-04-08 08:02:08.034085,155.27
2026-04-08 09:02:08.034085,313.56
2026-04-08 10:02:08.034085,416.79
2026-04-08 11:02:08.034085,611.47
2026-04-08 12:02:08.034085,818.85
2026-04-08 13:02:08.034085,901.33
2026-04-08 14:02:08.034085,767.52
2026-04-08 15:02:08.034085,679.27
2026-04-08 16:02:08.034085,547.09
2026-04-08 17:02:08.034085,352.55
2026-04-08 18:02:08.034085,268.36
2026-04-08 19:02:08.034085,171.77
2026-04-08 20:02:08.034085,99.66
2026-04-08 21:02:08.034085,42.11
2026-04-08 22:02:08.034085,24.41
2026-04-08 23:02:08.034085,10.87
2026-04-09 00:02:08.034085,0.86
2026-04-09 01:02:08.034085,1.83
2026-04-09 02:02:08.034085,6.5
2026-04-09 03:02:08.034085,11.77
2026-04-09 04:02:08.034085,29.0
2026-04-09 05:02:08.034085,58.67
2026-04-09 06:02:08.034085,62.96
2026-04-09 07:02:08.034085,152.17
2026-04-09 08:02:08.034085,247.06
2026-04-09 09:02:08.034085,237.17
2026-04-09 10:02:08.034085,411.73
2026-04-09 11:02:08.034085,747.55
2026-04-09 12:02:08.034085,767.27
2026-04-09 13:02:08.034085,807.62
2026-04-09 14:02:08.034085,702.08
2026-04-09 15:02:08.034085,723.86
2026-04-09 16:02:08.034085,537.05
2026-04-09 17:02:08.034085,399.29
2026-04-09 18:02:08.034085,287.69
2026-04-09 19:02:08.034085,167.24
2026-04-09 20:02:08.034085,85.03
2026-04-09 21:02:08.034085,51.01
2026-04-09 22:02:08.034085,31.35
2026-04-09 23:02:08.034085,13.98
2026-04-10 00:02:08.034085,0.58
2026-04-10 01:02:08.034085,2.38
2026-04-10 02:02:08.034085,5.83
2026-04-10 03:02:08.034085,12.56
2026-04-10 04:02:08.034085,30.36
2026-04-10 05:02:08.034085,50.42
2026-04-10 06:02:08.034085,110.66
2026-04-10 07:02:08.034085,212.91
2026-04-10 08:02:08.034085,308.95
2026-04-10 09:02:08.034085,461.1
2026-04-10 10:02:08.034085,310.22
2026-04-10 11:02:08.034085,605.62
2026-04-10 12:02:08.034085,793.58
2026-04-10 13:02:08.034085,694.6
2026-04-10 14:02:08.034085,784.03
2026-04-10 15:02:08.034085,605.41
2026-04-10 16:02:08.034085,502.69
2026-04-10 17:02:08.034085,394.93
2026-04-10 18:02:08.034085,274.0
2026-04-10 19:02:08.034085,151.64
2026-04-10 20:02:08.034085,95.5
2026-04-10 21:02:08.034085,47.87
2026-04-10 22:02:08.034085,24.76
2026-04-10 23:02:08.034085,12.43
2026-04-11 00:02:08.034085,0.78
2026-04-11 01:02:08.034085,2.03
2026-04-11 02:02:08.034085,5.7
2026-04-11 03:02:08.034085,15.03
2026-04-11 04:02:08.034085,26.63
2026-04-11 05:02:08.034085,34.53
2026-04-11 06:02:08.034085,96.55
2026-04-11 07:02:08.034085,155.79
2026-04-11 08:02:08.034085,272.09
2026-04-11 09:02:08.034085,239.72
2026-04-11 10:02:08.034085,558.04
2026-04-11 11:02:08.034085,726.47
2026-04-11 12:02:08.034085,749.05
2026-04-11 13:02:08.034085,813.33
2026-04-11 14:02:08.034085,869.43
2026-04-11 15:02:08.034085,702.26
2026-04-11 16:02:08.034085,599.81
2026-04-11 17:02:08.034085,405.4
2026-04-11 18:02:08.034085,229.69
2026-04-11 19:02:08.034085,172.94
2026-04-11 20:02:08.034085,123.86
2026-04-11 21:02:08.034085,49.59
2026-04-11 22:02:08.034085,22.7
2026-04-11 23:02:08.034085,10.24
2026-04-12 00:02:08.034085,0.76
2026-04-12 01:02:08.034085,1.92
2026-04-12 02:02:08.034085,4.48
2026-04-12 03:02:08.034085,12.7
2026-04-12 04:02:08.034085,23.53
2026-04-12 05:02:08.034085,58.1
2026-04-12 06:02:08.034085,94.93
2026-04-12 07:02:08.034085,191.0
2026-04-12 08:02:08.034085,305.2
2026-04-12 09:02:08.034085,370.54
2026-04-12 10:02:08.034085,526.21
2026-04-12 11:02:08.034085,668.96
2026-04-12 12:02:08.034085,611.07
2026-04-12 13:02:08.034085,748.87
2026-04-12 14:02:08.034085,714.62
2026-04-12 15:02:08.034085,729.7
2026-04-12 16:02:08.034085,620.65
2026-04-12 17:02:08.034085,412.33
2026-04-12 18:02:08.034085,212.89
2026-04-12 19:02:08.034085,186.31
2026-04-12 20:02:08.034085,76.0
2026-04-12 21:02:08.034085,66.33
2026-04-12 22:02:08.034085,24.53
2026-04-12 23:02:08.034085,14.9
2026-04-13 00:02:08.034085,0.65
2026-04-13 01:02:08.034085,2.36
2026-04-13 02:02:08.034085,6.31
2026-04-13 03:02:08.034085,13.75
2026-04-13 04:02:08.034085,28.18
2026-04-13 05:02:08.034085,62.88
2026-04-13 06:02:08.034085,95.86
2026-04-13 07:02:08.034085,222.45
2026-04-13 08:02:08.034085,261.92
2026-04-13 09:02:08.034085,468.0
2026-04-13 10:02:08.034085,483.25
2026-04-13 11:02:08.034085,569.16
2026-04-13 12:02:08.034085,818.83
2026-04-13 13:02:08.034085,755.33
2026-04-13 14:02:08.034085,806.15
2026-04-13 15:02:08.034085,581.41
2026-04-13 16:02:08.034085,440.99
2026-04-13 17:02:08.034085,309.42
2026-04-13 18:02:08.034085,252.2
2026-04-13 19:02:08.034085,138.89
2026-04-13 20:02:08.034085,73.85
2026-04-13 21:02:08.034085,56.43
2026-04-13 22:02:08.034085,27.67
2026-04-13 23:02:08.034085,9.55
2026-04-14 00:02:08.034085,0.74
2026-04-14 01:02:08.034085,1.84
2026-04-14 02:02:08.034085,6.93
2026-04-14 03:02:08.034085,9.49
2026-04-14 04:02:08.034085,25.26
2026-04-14 05:02:08.034085,62.42
2026-04-14 06:02:08.034085,71.43
2026-04-14 07:02:08.034085,163.83
2026-04-14 08:02:08.034085,253.45
2026-04-14 09:02:08.034085,422.4
2026-04-14 10:02:08.034085,450.45
2026-04-14 11:02:08.034085,582.64
2026-04-14 12:02:08.034085,708.3
2026-04-14 13:02:08.034085,752.7
2026-04-14 14:02:08.034085,715.97
2026-04-14 15:02:08.034085,439.96
2026-04-14 16:02:08.034085,434.91
2026-04-14 17:02:08.034085,492.27
2026-04-14 18:02:08.034085,263.96
2026-04-14 19:02:08.034085,128.67
2026-04-14 20:02:08.034085,105.24
2026-04-14 21:02:08.034085,55.26
2026-04-14 22:02:08.034085,25.65
2026-04-14 23:02:08.034085,15.25
2026-04-15 00:02:08.034085,0.63
2026-04-15 01:02:08.034085,2.2
2026-04-15 02:02:08.034085,4.97
2026-04-15 03:02:08.034085,13.63
2026-04-15 04:02:08.034085,30.51
2026-04-15 05:02:08.034085,53.84
2026-04-15 06:02:08.034085,93.4
2026-04-15 07:02:08.034085,156.88
2026-04-15 08:02:08.034085,348.51
2026-04-15 09:02:08.034085,341.21
2026-04-15 10:02:08.034085,636.29
2026-04-15 11:02:08.034085,601.71
2026-04-15 12:02:08.034085,673.65
2026-04-15 13:02:08.034085,773.62
2026-04-15 14:02:08.034085,928.21
2026-04-15 15:02:08.034085,641.5
2026-04-15 16:02:08.034085,553.79
2026-04-15 17:02:08.034085,361.52
2026-04-15 18:02:08.034085,233.63
2026-04-15 19:02:08.034085,181.84
2026-04-15 20:02:08.034085,107.09
2026-04-15 21:02:08.034085,24.37
2026-04-15 22:02:08.034085,34.94
2026-04-15 23:02:08.034085,14.38
2026-04-16 00:02:08.034085,0.55
2026-04-16 01:02:08.034085,1.9
2026-04-16 02:02:08.034085,5.53
2026-04-16 03:02:08.034085,11.14
2026-04-16 04:02:08.034085,19.04
2026-04-16 05:02:08.034085,54.02
2026-04-16 06:02:08.034085,99.39
2026-04-16 07:02:08.034085,143.37
2026-04-16 08:02:08.034085,232.6
2026-04-16 09:02:08.034085,327.73
2026-04-16 10:02:08.034085,471.83
2026-04-16 11:02:08.034085,754.49
2026-04-16 12:02:08.034085,855.37
2026-04-16 13:02:08.034085,708.5
2026-04-16 14:02:08.034085,707.08
2026-04-16 15:02:08.034085,585.33
2026-04-16 16:02:08.034085,456.23
2026-04-16 17:02:08.034085,299.66
2026-04-16 18:02:08.034085,291.95
2026-04-16 19:02:08.034085,142.31
2026-04-16 20:02:08.034085,111.73
2026-04-16 21:02:08.034085,53.83
2026-04-16 22:02:08.034085,26.19
2026-04-16 23:02:08.034085,12.05
2026-04-17 00:02:08.034085,0.7
2026-04-17 01:02:08.034085,1.32
2026-04-17 02:02:08.034085,5.57
2026-04-17 03:02:08.034085,11.6
2026-04-17 04:02:08.034085,25.99
2026-04-17 05:02:08.034085,56.85
2026-04-17 06:02:08.034085,121.05
2026-04-17 07:02:08.034085,197.87
2026-04-17 08:02:08.034085,220.72
2026-04-17 09:02:08.034085,330.37
2026-04-17 10:02:08.034085,594.38
2026-04-17 11:02:08.034085,524.85
2026-04-17 12:02:08.034085,658.98
2026-04-17 13:02:08.034085,647.07
2026-04-17 14:02:08.034085,748.26
2026-04-17 15:02:08.034085,727.01
2026-04-17 16:02:08.034085,522.7
2026-04-17 17:02:08.034085,414.83
2026-04-17 18:02:08.034085,286.87
2026-04-17 19:02:08.034085,152.25
2026-04-17 20:02:08.034085,97.28
2026-04-17 21:02:08.034085,46.69
2026-04-17 22:02:08.034085,28.56
2026-04-17 23:02:08.034085,13.42
2026-04-18 00:02:08.034085,0.52
2026-04-18 01:02:08.034085,2.71
2026-04-18 02:02:08.034085,5.06
2026-04-18 03:02:08.034085,14.17
2026-04-18 04:02:08.034085,24.93
2026-04-18 05:02:08.034085,58.1
2026-04-18 06:02:08.034085,97.69
2026-04-18 07:02:08.034085,185.39
2026-04-18 08:02:08.034085,265.33
2026-04-18 09:02:08.034085,503.21
2026-04-18 10:02:08.034085,586.04
2026-04-18 11:02:08.034085,676.05
2026-04-18 12:02:08.034085,625.54
2026-04-18 13:02:08.034085,642.87
2026-04-18 14:02:08.034085,735.66
2026-04-18 15:02:08.034085,649.67
2026-04-18 16:02:08.034085,335.17
2026-04-18 17:02:08.034085,374.11
2026-04-18 18:02:08.034085,233.85
2026-04-18 19:02:08.034085,195.4
2026-04-18 20:02:08.034085,87.79
2026-04-18 21:02:08.034085,51.08
2026-04-18 22:02:08.034085,27.34
2026-04-18 23:02:08.034085,10.06
2026-04-19 00:02:08.034085,0.6
2026-04-19 01:02:08.034085,2.12
2026-04-19 02:02:08.034085,5.3
2026-04-19 03:02:08.034085,12.4
2026-04-19 04:02:08.034085,20.97
2026-04-19 05:02:08.034085,54.67
2026-04-19 06:02:08.034085,98.78
2026-04-19 07:02:08.034085,191.73
2026-04-19 08:02:08.034085,342.1
2026-04-19 09:02:08.034085,331.81
2026-04-19 10:02:08.034085,505.92
2026-04-19 11:02:08.034085,751.2
2026-04-19 12:02:08.034085,634.13
2026-04-19 13:02:08.034085,434.61
2026-04-19 14:02:08.034085,886.77
2026-04-19 15:02:08.034085,602.2
2026-04-19 16:02:08.034085,550.96
2026-04-19 17:02:08.034085,301.65
2026-04-19 18:02:08.034085,292.29
2026-04-19 19:02:08.034085,132.99
2026-04-19 20:02:08.034085,85.85
2026-04-19 21:02:08.034085,46.94
2026-04-19 22:02:08.034085,29.5
2026-04-19 23:02:08.034085,12.96
2026-04-20 00:02:08.034085,0.66
2026-04-20 01:02:08.034085,2.49
2026-04-20 02:02:08.034085,5.46
2026-04-20 03:02:08.034085,13.53
2026-04-20 04:02:08.034085,27.94
2026-04-20 05:02:08.034085,47.25
2026-04-20 06:02:08.034085,104.3
2026-04-20 07:02:08.034085,161.06
2026-04-20 08:02:08.034085,244.45
2026-04-20 09:02:08.034085,403.01
2026-04-20 10:02:08.034085,535.4
2026-04-20 11:02:08.034085,589.81
2026-04-20 12:02:08.034085,762.95
2026-04-20 13:02:08.034085,667.96
2026-04-20 14:02:08.034085,746.36
2026-04-20 15:02:08.034085,736.66
2026-04-20 16:02:08.034085,543.79
2026-04-20 17:02:08.034085,380.8
2026-04-20 18:02:08.034085,280.0
2026-04-20 19:02:08.034085,175.14
2026-04-20 20:02:08.034085,96.45
2026-04-20 21:02:08.034085,60.02
2026-04-20 22:02:08.034085,23.91
2026-04-20 23:02:08.034085,8.13
2026-04-21 00:02:08.034085,0.79
2026-04-21 01:02:08.034085,2.41
2026-04-21 02:02:08.034085,5.71
2026-04-21 03:02:08.034085,11.59
2026-04-21 04:02:08.034085,27.12
2026-04-21 05:02:08.034085,51.42
2026-04-21 06:02:08.034085,103.64
2026-04-21 07:02:08.034085,199.32
2026-04-21 08:02:08.034085,215.09
2026-04-21 09:02:08.034085,406.1
2026-04-21 10:02:08.034085,518.84
2026-04-21 11:02:08.034085,703.99
2026-04-21 12:02:08.034085,744.79
2026-04-21 13:02:08.034085,948.43
2026-04-21 14:02:08.034085,774.05
2026-04-21 15:02:08.034085,620.27
2026-04-21 16:02:08.034085,520.55
2026-04-21 17:02:08.034085,401.83
2026-04-21 18:02:08.034085,273.57
2026-04-21 19:02:08.034085,155.36
2026-04-21 20:02:08.034085,93.26
2026-04-21 21:02:08.034085,51.35
2026-04-21 22:02:08.034085,28.68
2026-04-21 23:02:08.034085,12.53
2026-04-22 00:02:08.034085,0.67
2026-04-22 01:02:08.034085,1.97
2026-04-22 02:02:08.034085,5.09
2026-04-22 03:02:08.034085,15.68
2026-04-22 04:02:08.034085,21.65
2026-04-22 05:02:08.034085,60.08
2026-04-22 06:02:08.034085,87.66
2026-04-22 07:02:08.034085,171.7
2026-04-22 08:02:08.034085,309.44
2026-04-22 09:02:08.034085,379.3
2026-04-22 10:02:08.034085,541.71
2026-04-22 11:02:08.034085,696.53
2026-04-22 12:02:08.034085,827.27
2026-04-22 13:02:08.034085,772.53
2026-04-22 14:02:08.034085,560.82
2026-04-22 15:02:08.034085,471.61
2026-04-22 16:02:08.034085,542.23
2026-04-22 17:02:08.034085,394.93
2026-04-22 18:02:08.034085,239.34
2026-04-22 19:02:08.034085,163.04
2026-04-22 20:02:08.034085,113.52
2026-04-22 21:02:08.034085,60.13
2026-04-22 22:02:08.034085,29.63
2026-04-22 23:02:08.034085,12.46
2026-04-23 00:02:08.034085,0.82
2026-04-23 01:02:08.034085,2.46
2026-04-23 02:02:08.034085,5.21
2026-04-23 03:02:08.034085,13.84
2026-04-23 04:02:08.034085,24.13
2026-04-23 05:02:08.034085,43.48
2026-04-23 06:02:08.034085,99.71
2026-04-23 07:02:08.034085,155.69
2026-04-23 08:02:08.034085,306.89
2026-04-23 09:02:08.034085,353.36
2026-04-23 10:02:08.034085,550.87
2026-04-23 11:02:08.034085,517.72
2026-04-23 12:02:08.034085,928.21
2026-04-23 13:02:08.034085,881.22
2026-04-23 14:02:08.034085,714.18
2026-04-23 15:02:08.034085,433.38
2026-04-23 16:02:08.034085,448.22
2026-04-23 17:02:08.034085,400.39
2026-04-23 18:02:08.034085,240.3
2026-04-23 19:02:08.034085,212.74
2026-04-23 20:02:08.034085,103.28
2026-04-23 21:02:08.034085,62.63
2026-04-23 22:02:08.034085,33.97
2026-04-23 23:02:08.034085,9.07
2026-04-24 00:02:08.034085,0.73
2026-04-24 01:02:08.034085,2.15
2026-04-24 02:02:08.034085,4.3
2026-04-24 03:02:08.034085,13.61
2026-04-24 04:02:08.034085,28.19
2026-04-24 05:02:08.034085,62.2
2026-04-24 06:02:08.034085,122.07
2026-04-24 07:02:08.034085,177.56
2026-04-24 08:02:08.034085,262.11
2026-04-24 09:02:08.034085,264.51
2026-04-24 10:02:08.034085,464.82
2026-04-24 11:02:08.034085,669.34
2026-04-24 12:02:08.034085,768.68
2026-04-24 13:02:08.034085,661.83
2026-04-24 14:02:08.034085,708.46
2026-04-24 15:02:08.034085,757.66
2026-04-24 16:02:08.034085,528.05
2026-04-24 17:02:08.034085,465.09
2026-04-24 18:02:08.034085,245.29
2026-04-24 19:02:08.034085,158.22
2026-04-24 20:02:08.034085,93.39
2026-04-24 21:02:08.034085,54.21
2026-04-24 22:02:08.034085,24.89
2026-04-24 23:02:08.034085,14.11
2026-04-25 00:02:08.034085,0.75
2026-04-25 01:02:08.034085,1.97
2026-04-25 02:02:08.034085,4.24
2026-04-25 03:02:08.034085,12.31
2026-04-25 04:02:08.034085,30.69
2026-04-25 05:02:08.034085,46.92
2026-04-25 06:02:08.034085,110.97
2026-04-25 07:02:08.034085,169.51
2026-04-25 08:02:08.034085,323.17
2026-04-25 09:02:08.034085,453.29
2026-04-25 10:02:08.034085,400.59
2026-04-25 11:02:08.034085,552.91
2026-04-25 12:02:08.034085,733.72
2026-04-25 13:02:08.034085,855.5
2026-04-25 14:02:08.034085,608.09
2026-04-25 15:02:08.034085,751.07
2026-04-25 16:02:08.034085,540.28
2026-04-25 17:02:08.034085,488.88
2026-04-25 18:02:08.034085,306.97
2026-04-25 19:02:08.034085,178.37
2026-04-25 20:02:08.034085,74.08
2026-04-25 21:02:08.034085,68.33
2026-04-25 22:02:08.034085,22.21
2026-04-25 23:02:08.034085,14.18
2026-04-26 00:02:08.034085,0.71
2026-04-26 01:02:08.034085,2.37
2026-04-26 02:02:08.034085,6.46
2026-04-26 03:02:08.034085,14.64
2026-04-26 04:02:08.034085,27.19
2026-04-26 05:02:08.034085,68.68
2026-04-26 06:02:08.034085,123.76
2026-04-26 07:02:08.034085,205.78
2026-04-26 08:02:08.034085,239.98
2026-04-26 09:02:08.034085,493.87
2026-04-26 10:02:08.034085,483.41
2026-04-26 11:02:08.034085,616.87
2026-04-26 12:02:08.034085,869.65
2026-04-26 13:02:08.034085,895.92
2026-04-26 14:02:08.034085,750.72
2026-04-26 15:02:08.034085,554.38
2026-04-26 16:02:08.034085,458.73
2026-04-26 17:02:08.034085,247.01
2026-04-26 18:02:08.034085,237.04
2026-04-26 19:02:08.034085,220.95
2026-04-26 20:02:08.034085,103.91
2026-04-26 21:02:08.034085,45.01
2026-04-26 22:02:08.034085,26.87
2026-04-26 23:02:08.034085,12.04
2026-04-27 00:02:08.034085,0.77
2026-04-27 01:02:08.034085,2.23
2026-04-27 02:02:08.034085,6.92
2026-04-27 03:02:08.034085,10.34
2026-04-27 04:02:08.034085,29.37
2026-04-27 05:02:08.034085,58.66
2026-04-27 06:02:08.034085,109.3
2026-04-27 07:02:08.034085,147.07
2026-04-27 08:02:08.034085,226.45
2026-04-27 09:02:08.034085,457.86
2026-04-27 10:02:08.034085,488.01
2026-04-27 11:02:08.034085,565.25
2026-04-27 12:02:08.034085,571.45
2026-04-27 13:02:08.034085,803.68
2026-04-27 14:02:08.034085,803.02
2026-04-27 15:02:08.034085,527.37
2026-04-27 16:02:08.034085,669.63
2026-04-27 17:02:08.034085,448.57
2026-04-27 18:02:08.034085,320.85
2026-04-27 19:02:08.034085,125.95
2026-04-27 20:02:08.034085,68.49
2026-04-27 21:02:08.034085,57.41
2026-04-27 22:02:08.034085,31.13
2026-04-27 23:02:08.034085,11.93
2026-04-28 00:02:08.034085,0.71
2026-04-28 01:02:08.034085,1.71
2026-04-28 02:02:08.034085,5.54
2026-04-28 03:02:08.034085,15.53
2026-04-28 04:02:08.034085,29.55
2026-04-28 05:02:08.034085,60.03
2026-04-28 06:02:08.034085,101.86
2026-04-28 07:02:08.034085,221.16
2026-04-28 08:02:08.034085,286.43
2026-04-28 09:02:08.034085,373.88
2026-04-28 10:02:08.034085,669.63
2026-04-28 11:02:08.034085,540.51
2026-04-28 12:02:08.034085,613.43
2026-04-28 13:02:08.034085,822.03
2026-04-28 14:02:08.034085,690.36
2026-04-28 15:02:08.034085,697.01
2026-04-28 16:02:08.034085,543.18
2026-04-28 17:02:08.034085,391.75
2026-04-28 18:02:08.034085,246.98
2026-04-28 19:02:08.034085,202.38
2026-04-28 20:02:08.034085,94.19
2026-04-28 21:02:08.034085,62.95
2026-04-28 22:02:08.034085,30.89
2026-04-28 23:02:08.034085,16.32
2026-04-29 00:02:08.034085,0.73
2026-04-29 01:02:08.034085,2.36
2026-04-29 02:02:08.034085,4.88
2026-04-29 03:02:08.034085,7.1
2026-04-29 04:02:08.034085,21.68
2026-04-29 05:02:08.034085,41.98
2026-04-29 06:02:08.034085,130.85
2026-04-29 07:02:08.034085,170.89
2026-04-29 08:02:08.034085,257.95
2026-04-29 09:02:08.034085,462.84
2026-04-29 10:02:08.034085,542.92
2026-04-29 11:02:08.034085,652.01
2026-04-29 12:02:08.034085,928.21
2026-04-29 13:02:08.034085,601.19
2026-04-29 14:02:08.034085,888.92
2026-04-29 15:02:08.034085,696.98
2026-04-29 16:02:08.034085,434.94
2026-04-29 17:02:08.034085,402.65
2026-04-29 18:02:08.034085,259.94
2026-04-29 19:02:08.034085,189.69
2026-04-29 20:02:08.034085,111.99
2026-04-29 21:02:08.034085,51.61
2026-04-29 22:02:08.034085,25.83
2026-04-29 23:02:08.034085,14.48
2026-04-30 00:02:08.034085,0.6
2026-04-30 01:02:08.034085,2.4
2026-04-30 02:02:08.034085,5.84
2026-04-30 03:02:08.034085,14.31
2026-04-30 04:02:08.034085,34.92
2026-04-30 05:02:08.034085,54.31
2026-04-30 06:02:08.034085,89.5
2026-04-30 07:02:08.034085,174.13
2026-04-30 08:02:08.034085,301.32
2026-04-30 09:02:08.034085,428.77
2026-04-30 10:02:08.034085,658.25
2026-04-30 11:02:08.034085,700.39
2026-04-30 12:02:08.034085,650.84
2026-04-30 13:02:08.034085,809.44
2026-04-30 14:02:08.034085,716.66
2026-04-30 15:02:08.034085,659.51
2026-04-30 16:02:08.034085,473.98
2026-04-30 17:02:08.034085,429.65
2026-04-30 18:02:08.034085,252.16
2026-04-30 19:02:08.034085,165.17
2026-04-30 20:02:08.034085,123.68
2026-04-30 21:02:08.034085,70.94
2026-04-30 22:02:08.034085,27.95
2026-04-30 23:02:08.034085,12.73
2026-05-01 00:02:08.034085,0.66
2026-05-01 01:02:08.034085,2.01
2026-05-01 02:02:08.034085,7.01
2026-05-01 03:02:08.034085,14.04
2026-05-01 04:02:08.034085,20.76
2026-05-01 05:02:08.034085,52.34
2026-05-01 06:02:08.034085,104.96
2026-05-01 07:02:08.034085,145.92
2026-05-01 08:02:08.034085,288.12
2026-05-01 09:02:08.034085,423.55
2026-05-01 10:02:08.034085,564.65
2026-05-01 11:02:08.034085,719.49
2026-05-01 12:02:08.034085,846.8
2026-05-01 13:02:08.034085,958.48
2026-05-01 14:02:08.034085,612.16
2026-05-01 15:02:08.034085,658.49
2026-05-01 16:02:08.034085,686.64
2026-05-01 17:02:08.034085,404.51
2026-05-01 18:02:08.034085,317.49
2026-05-01 19:02:08.034085,216.99
2026-05-01 20:02:08.034085,125.88
2026-05-01 21:02:08.034085,57.27
2026-05-01 22:02:08.034085,39.15
2026-05-01 23:02:08.034085,15.67
2026-05-02 00:02:08.034085,1.05
2026-05-02 01:02:08.034085,2.61
2026-05-02 02:02:08.034085,6.0
2026-05-02 03:02:08.034085,13.95
2026-05-02 04:02:08.034085,31.99
2026-05-02 05:02:08.034085,70.18
2026-05-02 06:02:08.034085,111.5
2026-05-02 07:02:08.034085,176.17
2026-05-02 08:02:08.034085,267.87
2026-05-02 09:02:08.034085,389.56
2026-05-02 10:02:08.034085,579.46
2026-05-02 11:02:08.034085,907.11
2026-05-02 12:02:08.034085,674.8
2026-05-02 13:02:08.034085,616.31
2026-05-02 14:02:08.034085,835.55
2026-05-02 15:02:08.034085,564.45
2026-05-02 16:02:08.034085,640.24
2026-05-02 17:02:08.034085,455.14
2026-05-02 18:02:08.034085,283.35
2026-05-02 19:02:08.034085,171.93
2026-05-02 20:02:08.034085,125.3
2026-05-02 21:02:08.034085,66.12
2026-05-02 22:02:08.034085,30.93
2026-05-02 23:02:08.034085,14.48
2026-05-03 00:02:08.034085,0.76
2026-05-03 01:02:08.034085,2.06
2026-05-03 02:02:08.034085,4.66
2026-05-03 03:02:08.034085,13.58
2026-05-03 04:02:08.034085,34.47
2026-05-03 05:02:08.034085,69.83
2026-05-03 06:02:08.034085,114.57
2026-05-03 07:02:08.034085,161.32
2026-05-03 08:02:08.034085,306.89
2026-05-03 09:02:08.034085,253.38
2026-05-03 10:02:08.034085,499.3
2026-05-03 11:02:08.034085,811.9
2026-05-03 12:02:08.034085,830.74
2026-05-03 13:02:08.034085,822.13
2026-05-03 14:02:08.034085,831.86
2026-05-03 15:02:08.034085,499.29
2026-05-03 16:02:08.034085,601.04
2026-05-03 17:02:08.034085,547.07
2026-05-03 18:02:08.034085,332.56
2026-05-03 19:02:08.034085,211.68
2026-05-03 20:02:08.034085,126.86
2026-05-03 21:02:08.034085,47.34
2026-05-03 22:02:08.034085,27.41
2026-05-03 23:02:08.034085,11.44
2026-05-04 00:02:08.034085,0.73
2026-05-04 01:02:08.034085,2.9
2026-05-04 02:02:08.034085,7.65
2026-05-04 03:02:08.034085,12.48
2026-05-04 04:02:08.034085,28.93
2026-05-04 05:02:08.034085,67.26
2026-05-04 06:02:08.034085,127.01
2026-05-04 07:02:08.034085,225.43
2026-05-04 08:02:08.034085,299.35
2026-05-04 09:02:08.034085,403.33
2026-05-04 10:02:08.034085,421.43
2026-05-04 11:02:08.034085,599.28
2026-05-04 12:02:08.034085,821.76
2026-05-04 13:02:08.034085,829.02
2026-05-04 14:02:08.034085,793.59
2026-05-04 15:02:08.034085,489.43
2026-05-04 16:02:08.034085,631.2
2026-05-04 17:02:08.034085,441.15
2026-05-04 18:02:08.034085,224.76
2026-05-04 19:02:08.034085,189.71
2026-05-04 20:02:08.034085,106.7
2026-05-04 21:02:08.034085,64.41
2026-05-04 22:02:08.034085,33.63
2026-05-04 23:02:08.034085,11.12
2026-05-05 00:02:08.034085,0.97
2026-05-05 01:02:08.034085,2.88
2026-05-05 02:02:08.034085,7.63
2026-05-05 03:02:08.034085,14.07
2026-05-05 04:02:08.034085,29.22
2026-05-05 05:02:08.034085,54.91
2026-05-05 06:02:08.034085,87.42
2026-05-05 07:02:08.034085,171.6
2026-05-05 08:02:08.034085,236.93
2026-05-05 09:02:08.034085,526.09
2026-05-05 10:02:08.034085,610.11
2026-05-05 11:02:08.034085,603.49
2026-05-05 12:02:08.034085,860.46
2026-05-05 13:02:08.034085,714.87
2026-05-05 14:02:08.034085,785.5
2026-05-05 15:02:08.034085,605.61
2026-05-05 16:02:08.034085,566.62
2026-05-05 17:02:08.034085,370.07
2026-05-05 18:02:08.034085,152.99
2026-05-05 19:02:08.034085,204.9
2026-05-05 20:02:08.034085,96.52
2026-05-05 21:02:08.034085,56.19
2026-05-05 22:02:08.034085,30.91
2026-05-05 23:02:08.034085,14.6
